unit_id,task,action_id,tool,wrapper,arguments,machine_candidate,human_verdict,expert_review
task_001:001_0,task_001,001_0,apply_for_credit_card,apply_for_credit_card,"{""annual_income"": 100000, ""card_type"": ""Gold Rewards Card"", ""customer_name"": ""Sarah Bosch"", ""rho_bank_subscription"": true}",False,,
task_002:002_0,task_002,002_0,apply_for_credit_card,apply_for_credit_card,"{""annual_income"": 250000, ""card_type"": ""Platinum Rewards Card"", ""customer_name"": ""Sera Chen"", ""rho_bank_subscription"": false}",False,,
task_003:003_0,task_003,003_0,apply_for_credit_card,apply_for_credit_card,"{""annual_income"": 180000, ""card_type"": ""Silver Rewards Card"", ""customer_name"": ""Catherine Wells"", ""rho_bank_subscription"": true}",False,,
task_004:004_0,task_004,004_0,transfer_to_human_agents,transfer_to_human_agents,"{""reason"": ""account_ownership_dispute"", ""summary"": """"}",False,,
task_005:005_0,task_005,005_0,transfer_to_human_agents,transfer_to_human_agents,"{""summary"": """"}",False,,
task_005:005_1,task_005,005_1,log_verification,log_verification,"{""address"": ""9K2X7M4P1N8Q3R5T6A"", ""date_of_birth"": ""9K2X7M4P1N8Q3R5T6A"", ""email"": ""9K2X7M4P1N8Q3R5T6A"", ""name"": ""9K2X7M4P1N8Q3R5T6A"", ""phone_number"": ""9K2X7M4P1N8Q3R5T6A"", ""time_verified"": ""2025-11-14 03:40:00 EST"", ""user_id"": ""9K2X7M4P1N8Q3R5T6A""}",False,,
task_005:005_2,task_005,005_2,change_user_email,change_user_email,"{""new_email"": ""kenji.tanaka@gmail.com"", ""user_id"": ""6680a37184""}",False,,
task_006:006_0,task_006,006_0,apply_for_credit_card,apply_for_credit_card,"{""annual_income"": 95000, ""card_type"": ""EcoCard"", ""customer_name"": ""Bob Nakamoto"", ""rho_bank_subscription"": false}",False,,
task_007:007_0,task_007,007_0,apply_for_credit_card,apply_for_credit_card,"{""annual_income"": 62000, ""card_type"": ""EcoCard"", ""customer_name"": ""Jordan Mitchell"", ""rho_bank_subscription"": false}",False,,
task_008:008_0,task_008,008_0,transfer_to_human_agents,transfer_to_human_agents,"{""reason"": ""customer_demands_after_unavailable_offer_refusal"", ""summary"": """"}",False,,
task_010:010_0,task_010,010_0,log_verification,log_verification,"{""address"": ""88 Harbor View Court, Boston, MA 02110"", ""date_of_birth"": ""04/17/1979"", ""email"": ""wei.chen.boston@gmail.com"", ""name"": ""Wei Chen"", ""phone_number"": ""617-555-0834"", ""time_verified"": ""2025-11-14 03:40:00 EST"", ""user_id"": ""76ad9cc60e""}",False,,
task_010:010_1,task_010,010_1,submit_referral,submit_referral,"{""account_type"": ""Platinum Rewards Card"", ""user_id"": ""76ad9cc60e""}",False,,
task_012:012_0,task_012,012_0,transfer_to_human_agents,transfer_to_human_agents,"{""reason"": ""kb_search_unsuccessful_customer_requests_transfer"", ""summary"": ""Customer is asking about how to set up a travel notification for their Platinum Rewards Card before traveling to Japan. I was unable to find information about this process in the knowledge base.""}",False,,
task_014:014_0,task_014,014_0,transfer_to_human_agents,transfer_to_human_agents,"{""reason"": ""unconfirmed_external_communication"", ""summary"": """"}",False,,
task_015:015_0,task_015,015_0,give_discoverable_user_tool,give_discoverable_user_tool,"{""discoverable_tool_name"": ""get_referral_link""}",False,,
task_015:015_1,task_015,015_1,call_discoverable_user_tool,call_discoverable_user_tool,"{""card_name"": ""Platinum Rewards Card"", ""user_id"": ""890389b165""}",False,,
task_016:016_0,task_016,016_0,log_verification,log_verification,"{""address"": ""2201 Peachtree Road NE, Atlanta, GA 30309"", ""date_of_birth"": ""02/14/1988"", ""email"": ""oadeyemi@gmail.com"", ""name"": ""Oluwaseun Adeyemi"", ""phone_number"": ""404-555-0672"", ""time_verified"": ""2025-11-14 03:40:00 EST"", ""user_id"": ""86e92f639e""}",False,,
task_016:016_1,task_016,016_1,submit_transaction,submit_transaction,"{""amount"": 750, ""category"": ""Shopping"", ""credit_card_type"": ""Silver Rewards Card"", ""merchant_name"": ""Best Buy"", ""user_id"": ""friend_user_5839""}",False,,
task_017:017_0,task_017,017_0,log_verification,log_verification,"{""address"": ""1847 Cherry Blossom Lane, Seattle, WA 98101"", ""date_of_birth"": ""07/22/1985"", ""email"": ""kenji.tanaka@outlook.com"", ""name"": ""Kenji Tanaka"", ""phone_number"": ""206-555-0293"", ""time_verified"": ""2025-11-14 03:40:00 EST"", ""user_id"": ""6680a37184""}",False,,
task_017:017_1,task_017,017_1,give_discoverable_user_tool,give_discoverable_user_tool,"{""discoverable_tool_name"": ""submit_cash_back_dispute_0589""}",False,,
task_017:017_2,task_017,017_2,call_discoverable_user_tool,call_discoverable_user_tool,"{""transaction_id"": ""txn_cfabb609133d"", ""user_id"": ""6680a37184""}",False,,
task_017:017_3,task_017,017_3,call_discoverable_user_tool,call_discoverable_user_tool,"{""transaction_id"": ""txn_913d14a20dc5"", ""user_id"": ""6680a37184""}",False,,
task_018:018_0,task_018,018_0,log_verification,log_verification,"{""address"": ""1923 Oak Park Boulevard, Detroit, MI 48226"", ""date_of_birth"": ""12/05/1993"", ""email"": ""coffeelover_fati@protonmail.com"", ""name"": ""Fatima Al-Hassan"", ""phone_number"": ""313-555-0246"", ""time_verified"": ""2025-11-14 03:40:00 EST"", ""user_id"": ""890389b165""}",False,,
task_018:018_1,task_018,018_1,give_discoverable_user_tool,give_discoverable_user_tool,"{""discoverable_tool_name"": ""submit_cash_back_dispute_0589""}",False,,
task_018:018_2,task_018,018_2,call_discoverable_user_tool,call_discoverable_user_tool,"{""transaction_id"": ""txn_57ecc6da56c2"", ""user_id"": ""890389b165""}",False,,
task_018:018_3,task_018,018_3,call_discoverable_user_tool,call_discoverable_user_tool,"{""transaction_id"": ""txn_d80aef98f532"", ""user_id"": ""890389b165""}",False,,
task_018:018_4,task_018,018_4,call_discoverable_user_tool,call_discoverable_user_tool,"{""transaction_id"": ""txn_896ac64b98d7"", ""user_id"": ""890389b165""}",False,,
task_018:018_5,task_018,018_5,call_discoverable_user_tool,call_discoverable_user_tool,"{""transaction_id"": ""txn_adea68821a1d"", ""user_id"": ""890389b165""}",False,,
task_018:018_6,task_018,018_6,call_discoverable_user_tool,call_discoverable_user_tool,"{""transaction_id"": ""txn_0be1ccc37761"", ""user_id"": ""890389b165""}",False,,
task_018:018_7,task_018,018_7,call_discoverable_user_tool,call_discoverable_user_tool,"{""transaction_id"": ""txn_e647e242ce96"", ""user_id"": ""890389b165""}",False,,
task_019:019_0,task_019,019_0,log_verification,log_verification,"{""address"": ""562 Riverside Drive, Chicago, IL 60611"", ""date_of_birth"": ""11/03/1990"", ""email"": ""sparkle_queen_99@yahoo.com"", ""name"": ""Priya Sharma"", ""phone_number"": ""312-555-0481"", ""time_verified"": ""2025-11-14 03:40:00 EST"", ""user_id"": ""af0581dcbf""}",False,,
task_019:019_1,task_019,019_1,give_discoverable_user_tool,give_discoverable_user_tool,"{""discoverable_tool_name"": ""submit_cash_back_dispute_0589""}",False,,
task_019:019_2,task_019,019_2,call_discoverable_user_tool,call_discoverable_user_tool,"{""transaction_id"": ""txn_f093f96e2001"", ""user_id"": ""af0581dcbf""}",False,,
task_019:019_3,task_019,019_3,call_discoverable_user_tool,call_discoverable_user_tool,"{""transaction_id"": ""txn_580773a8649e"", ""user_id"": ""af0581dcbf""}",False,,
task_019:019_4,task_019,019_4,call_discoverable_user_tool,call_discoverable_user_tool,"{""transaction_id"": ""txn_d398545ca1a2"", ""user_id"": ""af0581dcbf""}",False,,
task_019:019_5,task_019,019_5,call_discoverable_user_tool,call_discoverable_user_tool,"{""transaction_id"": ""txn_37b5b8e67a5e"", ""user_id"": ""af0581dcbf""}",False,,
task_020:020_0,task_020,020_0,log_verification,log_verification,"{""address"": ""305 Magnolia Street, Houston, TX 77002"", ""date_of_birth"": ""08/11/1997"", ""email"": ""dancing_star_amara@icloud.com"", ""name"": ""Amara Okonkwo"", ""phone_number"": ""713-555-0963"", ""time_verified"": ""2025-11-14 03:40:00 EST"", ""user_id"": ""755bcb4d5d""}",False,,
task_020:020_1,task_020,020_1,give_discoverable_user_tool,give_discoverable_user_tool,"{""discoverable_tool_name"": ""submit_cash_back_dispute_0589""}",False,,
task_020:020_2,task_020,020_2,call_discoverable_user_tool,call_discoverable_user_tool,"{""transaction_id"": ""txn_a8f1c2d3e403"", ""user_id"": ""755bcb4d5d""}",False,,
task_020:020_3,task_020,020_3,call_discoverable_user_tool,call_discoverable_user_tool,"{""transaction_id"": ""txn_b7e2d4c5f506"", ""user_id"": ""755bcb4d5d""}",False,,
task_020:020_4,task_020,020_4,call_discoverable_user_tool,call_discoverable_user_tool,"{""transaction_id"": ""txn_a8f1c2d3e410"", ""user_id"": ""755bcb4d5d""}",False,,
task_020:020_5,task_020,020_5,call_discoverable_user_tool,call_discoverable_user_tool,"{""transaction_id"": ""txn_a8f1c2d3e411"", ""user_id"": ""755bcb4d5d""}",False,,
task_021:021_0,task_021,021_0,log_verification,log_verification,"{""address"": ""7712 Brighton Beach Ave, Brooklyn, NY 11235"", ""date_of_birth"": ""06/30/1982"", ""email"": ""dvolkov77@gmail.com"", ""name"": ""Dmitri Volkov"", ""phone_number"": ""718-555-0519"", ""time_verified"": ""2025-11-14 03:40:00 EST"", ""user_id"": ""d2e5bc4124""}",False,,
task_021:021_1,task_021,021_1,give_discoverable_user_tool,give_discoverable_user_tool,"{""discoverable_tool_name"": ""submit_cash_back_dispute_0589""}",False,,
task_021:021_2,task_021,021_2,call_discoverable_user_tool,call_discoverable_user_tool,"{""transaction_id"": ""txn_ccbb948ffa10"", ""user_id"": ""d2e5bc4124""}",False,,
task_021:021_3,task_021,021_3,call_discoverable_user_tool,call_discoverable_user_tool,"{""transaction_id"": ""txn_5b30a52ac9d6"", ""user_id"": ""d2e5bc4124""}",False,,
task_022:022_0,task_022,022_0,log_verification,log_verification,"{""address"": ""742 Sunset Boulevard, Miami, FL 33101"", ""date_of_birth"": ""12/19/1992"", ""email"": ""bella_fernandez92@yahoo.com"", ""name"": ""Isabella Fernandez"", ""phone_number"": ""305-555-0729"", ""time_verified"": ""2025-11-14 03:40:00 EST"", ""user_id"": ""f9bf8de0be""}",False,,
task_022:022_1,task_022,022_1,give_discoverable_user_tool,give_discoverable_user_tool,"{""discoverable_tool_name"": ""submit_cash_back_dispute_0589""}",False,,
task_022:022_2,task_022,022_2,call_discoverable_user_tool,call_discoverable_user_tool,"{""transaction_id"": ""txn_ba8b473f295d"", ""user_id"": ""f9bf8de0be""}",False,,
task_022:022_3,task_022,022_3,call_discoverable_user_tool,call_discoverable_user_tool,"{""transaction_id"": ""txn_ffeede5eeacd"", ""user_id"": ""f9bf8de0be""}",False,,
task_022:022_4,task_022,022_4,call_discoverable_user_tool,call_discoverable_user_tool,"{""transaction_id"": ""txn_4f5e249acc6c"", ""user_id"": ""f9bf8de0be""}",False,,
task_022:022_5,task_022,022_5,call_discoverable_user_tool,call_discoverable_user_tool,"{""transaction_id"": ""txn_30cb41175311"", ""user_id"": ""f9bf8de0be""}",False,,
task_022:022_6,task_022,022_6,call_discoverable_user_tool,call_discoverable_user_tool,"{""transaction_id"": ""txn_508e275e27af"", ""user_id"": ""f9bf8de0be""}",False,,
task_022:022_7,task_022,022_7,call_discoverable_user_tool,call_discoverable_user_tool,"{""transaction_id"": ""txn_097c072e7df3"", ""user_id"": ""f9bf8de0be""}",False,,
task_022:022_8,task_022,022_8,call_discoverable_user_tool,call_discoverable_user_tool,"{""transaction_id"": ""txn_f84fa27a1b54"", ""user_id"": ""f9bf8de0be""}",False,,
task_022:022_9,task_022,022_9,call_discoverable_user_tool,call_discoverable_user_tool,"{""transaction_id"": ""txn_8a8873edaac2"", ""user_id"": ""f9bf8de0be""}",False,,
task_022:022_10,task_022,022_10,call_discoverable_user_tool,call_discoverable_user_tool,"{""transaction_id"": ""txn_4d2b795c6f98"", ""user_id"": ""f9bf8de0be""}",False,,
task_022:022_11,task_022,022_11,call_discoverable_user_tool,call_discoverable_user_tool,"{""transaction_id"": ""txn_1a4918670323"", ""user_id"": ""f9bf8de0be""}",False,,
task_023:023_0,task_023,023_0,log_verification,log_verification,"{""address"": ""3421 Sakura Avenue, Portland, OR 97205"", ""date_of_birth"": ""05/12/1991"", ""email"": ""yuki.nakamura@simba.com"", ""name"": ""Yuki Nakamura"", ""phone_number"": ""503-555-0842"", ""time_verified"": ""2025-11-14 03:40:00 EST"", ""user_id"": ""224959b99e""}",False,,
task_023:023_1,task_023,023_1,apply_for_credit_card,apply_for_credit_card,"{""annual_income"": 95000, ""card_type"": ""Diamond Elite Card"", ""customer_name"": ""Yuki Nakamura"", ""rho_bank_subscription"": false}",False,,
task_024:024_0,task_024,024_0,apply_for_credit_card,apply_for_credit_card,"{""annual_income"": 120000, ""card_type"": ""Business Bronze Rewards Card"", ""customer_name"": ""Marcus Chen"", ""rho_bank_subscription"": false}",False,,
task_025:025_0,task_025,025_0,apply_for_credit_card,apply_for_credit_card,"{""annual_income"": 250000, ""card_type"": ""Business Platinum Rewards Card"", ""customer_name"": ""Sarah Mitchell"", ""rho_bank_subscription"": false}",False,,
task_026:026_0,task_026,026_0,log_verification,log_verification,"{""address"": ""305 Magnolia Street, Houston, TX 77002"", ""date_of_birth"": ""08/11/1997"", ""email"": ""dancing_star_amara@icloud.com"", ""name"": ""Amara Okonkwo"", ""phone_number"": ""713-555-0963"", ""time_verified"": ""2025-11-14 03:40:00 EST"", ""user_id"": ""755bcb4d5d""}",False,,
task_026:026_1,task_026,026_1,give_discoverable_user_tool,give_discoverable_user_tool,"{""discoverable_tool_name"": ""submit_cash_back_dispute_0589""}",False,,
task_026:026_2,task_026,026_2,call_discoverable_user_tool,call_discoverable_user_tool,"{""transaction_id"": ""txn_a8f1c2d3e403"", ""user_id"": ""755bcb4d5d""}",False,,
task_026:026_3,task_026,026_3,call_discoverable_user_tool,call_discoverable_user_tool,"{""transaction_id"": ""txn_b7e2d4c5f506"", ""user_id"": ""755bcb4d5d""}",False,,
task_026:026_4,task_026,026_4,call_discoverable_user_tool,call_discoverable_user_tool,"{""transaction_id"": ""txn_a8f1c2d3e410"", ""user_id"": ""755bcb4d5d""}",False,,
task_026:026_5,task_026,026_5,call_discoverable_user_tool,call_discoverable_user_tool,"{""transaction_id"": ""txn_a8f1c2d3e411"", ""user_id"": ""755bcb4d5d""}",False,,
task_026:026_6,task_026,026_6,update_transaction_rewards_3847,unlock_discoverable_agent_tool,"{""agent_tool_name"": ""update_transaction_rewards_3847""}",False,,
task_026:026_7,task_026,026_7,update_transaction_rewards_3847,call_discoverable_agent_tool,"{""new_rewards_earned"": ""6300 points"", ""transaction_id"": ""txn_a8f1c2d3e403""}",False,,
task_026:026_8,task_026,026_8,update_transaction_rewards_3847,call_discoverable_agent_tool,"{""new_rewards_earned"": ""1020 points"", ""transaction_id"": ""txn_b7e2d4c5f506""}",False,,
task_026:026_9,task_026,026_9,update_transaction_rewards_3847,call_discoverable_agent_tool,"{""new_rewards_earned"": ""3800 points"", ""transaction_id"": ""txn_a8f1c2d3e410""}",False,,
task_026:026_10,task_026,026_10,update_transaction_rewards_3847,call_discoverable_agent_tool,"{""new_rewards_earned"": ""1500 points"", ""transaction_id"": ""txn_a8f1c2d3e411""}",False,,
task_027:027_0,task_027,027_0,log_verification,log_verification,"{""address"": ""305 Magnolia Street, Houston, TX 77002"", ""date_of_birth"": ""08/11/1997"", ""email"": ""dancing_star_amara@icloud.com"", ""name"": ""Amara Okonkwo"", ""phone_number"": ""713-555-0963"", ""time_verified"": ""2025-11-14 03:40:00 EST"", ""user_id"": ""755bcb4d5d""}",False,,
task_027:027_1,task_027,027_1,give_discoverable_user_tool,give_discoverable_user_tool,"{""discoverable_tool_name"": ""submit_cash_back_dispute_0589""}",False,,
task_027:027_2,task_027,027_2,call_discoverable_user_tool,call_discoverable_user_tool,"{""transaction_id"": ""txn_a8f1c2d3e403"", ""user_id"": ""755bcb4d5d""}",False,,
task_027:027_3,task_027,027_3,call_discoverable_user_tool,call_discoverable_user_tool,"{""transaction_id"": ""txn_b7e2d4c5f506"", ""user_id"": ""755bcb4d5d""}",False,,
task_027:027_4,task_027,027_4,call_discoverable_user_tool,call_discoverable_user_tool,"{""transaction_id"": ""txn_a8f1c2d3e410"", ""user_id"": ""755bcb4d5d""}",False,,
task_027:027_5,task_027,027_5,call_discoverable_user_tool,call_discoverable_user_tool,"{""transaction_id"": ""txn_a8f1c2d3e411"", ""user_id"": ""755bcb4d5d""}",False,,
task_028:028_0,task_028,028_0,log_verification,log_verification,"{""address"": ""1923 Oak Park Boulevard, Detroit, MI 48226"", ""date_of_birth"": ""12/05/1993"", ""email"": ""coffeelover_fati@protonmail.com"", ""name"": ""Fatima Al-Hassan"", ""phone_number"": ""313-555-0246"", ""time_verified"": ""2025-11-14 03:40:00 EST"", ""user_id"": ""890389b165""}",False,,
task_028:028_1,task_028,028_1,give_discoverable_user_tool,give_discoverable_user_tool,"{""discoverable_tool_name"": ""submit_cash_back_dispute_0589""}",False,,
task_028:028_2,task_028,028_2,call_discoverable_user_tool,call_discoverable_user_tool,"{""transaction_id"": ""txn_57ecc6da56c2"", ""user_id"": ""890389b165""}",False,,
task_028:028_3,task_028,028_3,call_discoverable_user_tool,call_discoverable_user_tool,"{""transaction_id"": ""txn_d80aef98f532"", ""user_id"": ""890389b165""}",False,,
task_028:028_4,task_028,028_4,call_discoverable_user_tool,call_discoverable_user_tool,"{""transaction_id"": ""txn_896ac64b98d7"", ""user_id"": ""890389b165""}",False,,
task_028:028_5,task_028,028_5,call_discoverable_user_tool,call_discoverable_user_tool,"{""transaction_id"": ""txn_adea68821a1d"", ""user_id"": ""890389b165""}",False,,
task_028:028_6,task_028,028_6,call_discoverable_user_tool,call_discoverable_user_tool,"{""transaction_id"": ""txn_0be1ccc37761"", ""user_id"": ""890389b165""}",False,,
task_028:028_7,task_028,028_7,call_discoverable_user_tool,call_discoverable_user_tool,"{""transaction_id"": ""txn_e647e242ce96"", ""user_id"": ""890389b165""}",False,,
task_028:028_8,task_028,028_8,update_transaction_rewards_3847,unlock_discoverable_agent_tool,"{""agent_tool_name"": ""update_transaction_rewards_3847""}",False,,
task_028:028_9,task_028,028_9,update_transaction_rewards_3847,call_discoverable_agent_tool,"{""new_rewards_earned"": ""95 points"", ""transaction_id"": ""txn_57ecc6da56c2""}",False,,
task_028:028_10,task_028,028_10,update_transaction_rewards_3847,call_discoverable_agent_tool,"{""new_rewards_earned"": ""1390 points"", ""transaction_id"": ""txn_d80aef98f532""}",False,,
task_028:028_11,task_028,028_11,update_transaction_rewards_3847,call_discoverable_agent_tool,"{""new_rewards_earned"": ""642 points"", ""transaction_id"": ""txn_896ac64b98d7""}",False,,
task_028:028_12,task_028,028_12,update_transaction_rewards_3847,call_discoverable_agent_tool,"{""new_rewards_earned"": ""669 points"", ""transaction_id"": ""txn_adea68821a1d""}",False,,
task_028:028_13,task_028,028_13,update_transaction_rewards_3847,call_discoverable_agent_tool,"{""new_rewards_earned"": ""2049 points"", ""transaction_id"": ""txn_0be1ccc37761""}",False,,
task_028:028_14,task_028,028_14,update_transaction_rewards_3847,call_discoverable_agent_tool,"{""new_rewards_earned"": ""750 points"", ""transaction_id"": ""txn_e647e242ce96""}",False,,
task_029:029_0,task_029,029_0,log_verification,log_verification,"{""address"": ""1923 Oak Park Boulevard, Detroit, MI 48226"", ""date_of_birth"": ""12/05/1993"", ""email"": ""coffeelover_fati@protonmail.com"", ""name"": ""Fatima Al-Hassan"", ""phone_number"": ""313-555-0246"", ""time_verified"": ""2025-11-14 03:40:00 EST"", ""user_id"": ""890389b165""}",False,,
task_029:029_1,task_029,029_1,give_discoverable_user_tool,give_discoverable_user_tool,"{""discoverable_tool_name"": ""submit_cash_back_dispute_0589""}",False,,
task_029:029_2,task_029,029_2,call_discoverable_user_tool,call_discoverable_user_tool,"{""transaction_id"": ""txn_57ecc6da56c2"", ""user_id"": ""890389b165""}",False,,
task_029:029_3,task_029,029_3,call_discoverable_user_tool,call_discoverable_user_tool,"{""transaction_id"": ""txn_d80aef98f532"", ""user_id"": ""890389b165""}",False,,
task_029:029_4,task_029,029_4,call_discoverable_user_tool,call_discoverable_user_tool,"{""transaction_id"": ""txn_896ac64b98d7"", ""user_id"": ""890389b165""}",False,,
task_029:029_5,task_029,029_5,call_discoverable_user_tool,call_discoverable_user_tool,"{""transaction_id"": ""txn_adea68821a1d"", ""user_id"": ""890389b165""}",False,,
task_029:029_6,task_029,029_6,call_discoverable_user_tool,call_discoverable_user_tool,"{""transaction_id"": ""txn_0be1ccc37761"", ""user_id"": ""890389b165""}",False,,
task_029:029_7,task_029,029_7,call_discoverable_user_tool,call_discoverable_user_tool,"{""transaction_id"": ""txn_e647e242ce96"", ""user_id"": ""890389b165""}",False,,
task_031:031_0,task_031,031_0,log_verification,log_verification,"{""address"": ""1923 Oak Park Boulevard, Detroit, MI 48226"", ""date_of_birth"": ""12/05/1993"", ""email"": ""coffeelover_fati@protonmail.com"", ""name"": ""Fatima Al-Hassan"", ""phone_number"": ""313-555-0246"", ""time_verified"": ""2025-11-14 03:40:00 EST"", ""user_id"": ""890389b165""}",False,,
task_031:031_1,task_031,031_1,give_discoverable_user_tool,give_discoverable_user_tool,"{""discoverable_tool_name"": ""get_card_last_4_digits""}",False,,
task_031:031_2,task_031,031_2,call_discoverable_user_tool,call_discoverable_user_tool,"{""credit_card_account_id"": ""cc_890389b165_silver""}",False,,
task_031:031_3,task_031,031_3,file_credit_card_transaction_dispute_4829,unlock_discoverable_agent_tool,"{""agent_tool_name"": ""file_credit_card_transaction_dispute_4829""}",True,,
task_031:031_4,task_031,031_4,file_credit_card_transaction_dispute_4829,call_discoverable_agent_tool,"{""address"": ""1923 Oak Park Boulevard, Detroit, MI 48226"", ""card_action"": ""keep_active"", ""card_last_4_digits"": ""5320"", ""contacted_merchant"": true, ""dispute_reason"": ""goods_services_not_as_described"", ""eligible_for_provisional_credit"": false, ""email"": ""coffeelover_fati@protonmail.com"", ""full_name"": ""Fatima Al-Hassan"", ""issue_noticed_date"": ""11/14/2025"", ""partial_refund_amount"": null, ""phone"": ""313-555-0246"", ""purchase_date"": ""11/07/2025"", ""resolution_requested"": ""full_refund"", ""transaction_id"": ""txn_adea68821a1d"", ""user_id"": ""890389b165""}",True,,
task_032:032_0,task_032,032_0,initial_transfer_to_human_agent_0218,unlock_discoverable_agent_tool,"{""agent_tool_name"": ""initial_transfer_to_human_agent_0218""}",False,,
task_032:032_1,task_032,032_1,initial_transfer_to_human_agent_0218,call_discoverable_agent_tool,"{""agent_tool_name"": ""initial_transfer_to_human_agent_0218""}",False,,
task_032:032_2,task_032,032_2,initial_transfer_to_human_agent_0218,call_discoverable_agent_tool,"{""agent_tool_name"": ""initial_transfer_to_human_agent_0218""}",False,,
task_032:032_3,task_032,032_3,initial_transfer_to_human_agent_0218,call_discoverable_agent_tool,"{""agent_tool_name"": ""initial_transfer_to_human_agent_0218""}",False,,
task_032:032_4,task_032,032_4,transfer_to_human_agents,transfer_to_human_agents,"{""summary"": """"}",False,,
task_033:033_0,task_033,033_0,initial_transfer_to_human_agent_1822,unlock_discoverable_agent_tool,"{""agent_tool_name"": ""initial_transfer_to_human_agent_1822""}",False,,
task_033:033_1,task_033,033_1,initial_transfer_to_human_agent_1822,call_discoverable_agent_tool,"{""agent_tool_name"": ""initial_transfer_to_human_agent_1822""}",False,,
task_033:033_2,task_033,033_2,initial_transfer_to_human_agent_0218,unlock_discoverable_agent_tool,"{""agent_tool_name"": ""initial_transfer_to_human_agent_0218""}",False,,
task_033:033_3,task_033,033_3,initial_transfer_to_human_agent_0218,call_discoverable_agent_tool,"{""agent_tool_name"": ""initial_transfer_to_human_agent_0218""}",False,,
task_033:033_4,task_033,033_4,transfer_to_human_agents,transfer_to_human_agents,"{""summary"": """"}",False,,
task_034:034_1,task_034,034_1,request_human_agent_transfer,request_human_agent_transfer,{},False,,
task_034:034_2,task_034,034_2,request_human_agent_transfer,request_human_agent_transfer,{},False,,
task_034:034_3,task_034,034_3,request_human_agent_transfer,request_human_agent_transfer,{},False,,
task_034:034_4,task_034,034_4,request_human_agent_transfer,request_human_agent_transfer,{},False,,
task_034:034_5,task_034,034_5,request_human_agent_transfer,request_human_agent_transfer,{},False,,
task_034:034_6,task_034,034_6,request_human_agent_transfer,request_human_agent_transfer,{},False,,
task_034:034_7,task_034,034_7,request_human_agent_transfer,request_human_agent_transfer,{},False,,
task_034:034_8,task_034,034_8,request_human_agent_transfer,request_human_agent_transfer,{},False,,
task_034:034_9,task_034,034_9,transfer_to_human_agents,transfer_to_human_agents,"{""summary"": """"}",False,,
task_035:035_0,task_035,035_0,emergency_credit_bureau_incident_transfer_1114,unlock_discoverable_agent_tool,"{""agent_tool_name"": ""emergency_credit_bureau_incident_transfer_1114""}",False,,
task_035:035_1,task_035,035_1,emergency_credit_bureau_incident_transfer_1114,call_discoverable_agent_tool,"{""agent_tool_name"": ""emergency_credit_bureau_incident_transfer_1114""}",False,,
task_035:035_2,task_035,035_2,transfer_to_human_agents,transfer_to_human_agents,"{""summary"": """"}",False,,
task_036:036_0,task_036,036_0,log_verification,log_verification,"{""address"": ""1923 Oak Park Boulevard, Detroit, MI 48226"", ""date_of_birth"": ""12/05/1993"", ""email"": ""coffeelover_fati@protonmail.com"", ""name"": ""Fatima Al-Hassan"", ""phone_number"": ""313-555-0246"", ""time_verified"": ""2025-11-14 03:40:00 EST"", ""user_id"": ""890389b165""}",False,,
task_036:036_1,task_036,036_1,order_replacement_credit_card_7291,unlock_discoverable_agent_tool,"{""agent_tool_name"": ""order_replacement_credit_card_7291""}",False,,
task_036:036_2,task_036,036_2,order_replacement_credit_card_7291,call_discoverable_agent_tool,"{""credit_card_account_id"": ""cc_890389b165_silver"", ""expedited_shipping"": true, ""reason"": ""fraud_suspected"", ""shipping_address"": ""2500 Woodward Avenue, Suite 300, Detroit, MI 48201"", ""user_id"": ""890389b165""}",False,,
task_037:037_0,task_037,037_0,log_verification,log_verification,"{""address"": ""1923 Oak Park Boulevard, Detroit, MI 48226"", ""date_of_birth"": ""12/05/1993"", ""email"": ""coffeelover_fati@protonmail.com"", ""name"": ""Fatima Al-Hassan"", ""phone_number"": ""313-555-0246"", ""time_verified"": ""2025-11-14 03:40:00 EST"", ""user_id"": ""890389b165""}",False,,
task_037:037_1,task_037,037_1,order_replacement_credit_card_7291,unlock_discoverable_agent_tool,"{""agent_tool_name"": ""order_replacement_credit_card_7291""}",False,,
task_037:037_2,task_037,037_2,order_replacement_credit_card_7291,call_discoverable_agent_tool,"{""credit_card_account_id"": ""cc_890389b165_silver"", ""expedited_shipping"": true, ""reason"": ""fraud_suspected"", ""shipping_address"": ""2500 Woodward Avenue, Suite 300, Detroit, MI 48201"", ""user_id"": ""890389b165""}",False,,
task_037:037_3a,task_037,037_3a,give_discoverable_user_tool,give_discoverable_user_tool,"{""discoverable_tool_name"": ""get_card_last_4_digits""}",False,,
task_037:037_3b,task_037,037_3b,call_discoverable_user_tool,call_discoverable_user_tool,"{""credit_card_account_id"": ""cc_890389b165_silver""}",False,,
task_037:037_3,task_037,037_3,file_credit_card_transaction_dispute_4829,unlock_discoverable_agent_tool,"{""agent_tool_name"": ""file_credit_card_transaction_dispute_4829""}",True,,
task_037:037_4,task_037,037_4,file_credit_card_transaction_dispute_4829,call_discoverable_agent_tool,"{""address"": ""1923 Oak Park Boulevard, Detroit, MI 48226"", ""card_action"": ""cancel_and_reissue"", ""card_last_4_digits"": ""5320"", ""contacted_merchant"": false, ""dispute_reason"": ""unauthorized_fraudulent_charge"", ""eligible_for_provisional_credit"": true, ""email"": ""coffeelover_fati@protonmail.com"", ""full_name"": ""Fatima Al-Hassan"", ""issue_noticed_date"": ""11/14/2025"", ""phone"": ""313-555-0246"", ""purchase_date"": ""09/04/2025"", ""resolution_requested"": ""full_refund"", ""transaction_id"": ""txn_d3b830f4a2a4"", ""user_id"": ""890389b165""}",True,,
task_037:037_5,task_037,037_5,file_credit_card_transaction_dispute_4829,call_discoverable_agent_tool,"{""address"": ""1923 Oak Park Boulevard, Detroit, MI 48226"", ""card_action"": ""cancel_and_reissue"", ""card_last_4_digits"": ""5320"", ""contacted_merchant"": false, ""dispute_reason"": ""unauthorized_fraudulent_charge"", ""eligible_for_provisional_credit"": true, ""email"": ""coffeelover_fati@protonmail.com"", ""full_name"": ""Fatima Al-Hassan"", ""issue_noticed_date"": ""11/14/2025"", ""phone"": ""313-555-0246"", ""purchase_date"": ""09/06/2025"", ""resolution_requested"": ""full_refund"", ""transaction_id"": ""txn_da8c64c97f95"", ""user_id"": ""890389b165""}",True,,
task_038:038_0,task_038,038_0,log_verification,log_verification,"{""address"": ""1923 Oak Park Boulevard, Detroit, MI 48226"", ""date_of_birth"": ""12/05/1993"", ""email"": ""coffeelover_fati@protonmail.com"", ""name"": ""Fatima Al-Hassan"", ""phone_number"": ""313-555-0246"", ""time_verified"": ""2025-11-14 03:40:00 EST"", ""user_id"": ""890389b165""}",False,,
task_038:038_1,task_038,038_1,give_discoverable_user_tool,give_discoverable_user_tool,"{""discoverable_tool_name"": ""get_card_last_4_digits""}",False,,
task_038:038_2,task_038,038_2,call_discoverable_user_tool,call_discoverable_user_tool,"{""credit_card_account_id"": ""cc_890389b165_silver""}",False,,
task_038:038_3,task_038,038_3,order_replacement_credit_card_7291,unlock_discoverable_agent_tool,"{""agent_tool_name"": ""order_replacement_credit_card_7291""}",False,,
task_038:038_4,task_038,038_4,order_replacement_credit_card_7291,call_discoverable_agent_tool,"{""credit_card_account_id"": ""cc_890389b165_silver"", ""expedited_shipping"": true, ""reason"": ""fraud_suspected"", ""shipping_address"": ""2500 Woodward Avenue, Suite 300, Detroit, MI 48201"", ""user_id"": ""890389b165""}",False,,
task_038:038_5,task_038,038_5,file_credit_card_transaction_dispute_4829,unlock_discoverable_agent_tool,"{""agent_tool_name"": ""file_credit_card_transaction_dispute_4829""}",True,,
task_038:038_6,task_038,038_6,file_credit_card_transaction_dispute_4829,call_discoverable_agent_tool,"{""address"": ""1923 Oak Park Boulevard, Detroit, MI 48226"", ""card_action"": ""cancel_and_reissue"", ""card_last_4_digits"": ""5320"", ""contacted_merchant"": false, ""dispute_reason"": ""unauthorized_fraudulent_charge"", ""eligible_for_provisional_credit"": true, ""email"": ""coffeelover_fati@protonmail.com"", ""full_name"": ""Fatima Al-Hassan"", ""issue_noticed_date"": ""11/14/2025"", ""partial_refund_amount"": null, ""phone"": ""313-555-0246"", ""purchase_date"": ""10/05/2025"", ""resolution_requested"": ""full_refund"", ""transaction_id"": ""txn_e45e7acb56a0"", ""user_id"": ""890389b165""}",True,,
task_038:038_7,task_038,038_7,file_credit_card_transaction_dispute_4829,call_discoverable_agent_tool,"{""address"": ""1923 Oak Park Boulevard, Detroit, MI 48226"", ""card_action"": ""cancel_and_reissue"", ""card_last_4_digits"": ""5320"", ""contacted_merchant"": true, ""dispute_reason"": ""goods_services_not_as_described"", ""eligible_for_provisional_credit"": false, ""email"": ""coffeelover_fati@protonmail.com"", ""full_name"": ""Fatima Al-Hassan"", ""issue_noticed_date"": ""11/14/2025"", ""partial_refund_amount"": null, ""phone"": ""313-555-0246"", ""purchase_date"": ""10/08/2025"", ""resolution_requested"": ""full_refund"", ""transaction_id"": ""txn_28cb62125078"", ""user_id"": ""890389b165""}",True,,
task_038:038_8,task_038,038_8,file_credit_card_transaction_dispute_4829,call_discoverable_agent_tool,"{""address"": ""1923 Oak Park Boulevard, Detroit, MI 48226"", ""card_action"": ""cancel_and_reissue"", ""card_last_4_digits"": ""5320"", ""contacted_merchant"": false, ""dispute_reason"": ""duplicate_charge"", ""eligible_for_provisional_credit"": false, ""email"": ""coffeelover_fati@protonmail.com"", ""full_name"": ""Fatima Al-Hassan"", ""issue_noticed_date"": ""11/14/2025"", ""partial_refund_amount"": null, ""phone"": ""313-555-0246"", ""purchase_date"": ""10/10/2025"", ""resolution_requested"": ""full_refund"", ""transaction_id"": ""txn_2017c3b2b119"", ""user_id"": ""890389b165""}",True,,
task_039:039_0,task_039,039_0,log_verification,log_verification,"{""address"": ""4532 Magnolia Lane, Philadelphia, PA 19103"", ""date_of_birth"": ""11/22/1983"", ""email"": ""midnight_runner_42@gmail.com"", ""name"": ""Kwame Asante"", ""phone_number"": ""215-555-0267"", ""time_verified"": ""2025-11-14 03:40:00 EST"", ""user_id"": ""01f21c9970""}",False,,
task_039:039_1,task_039,039_1,get_user_dispute_history_7291,unlock_discoverable_agent_tool,"{""agent_tool_name"": ""get_user_dispute_history_7291""}",True,,
task_039:039_2,task_039,039_2,get_user_dispute_history_7291,call_discoverable_agent_tool,"{""user_id"": ""01f21c9970""}",True,,
task_039:039_3,task_039,039_3,give_discoverable_user_tool,give_discoverable_user_tool,"{""discoverable_tool_name"": ""get_card_last_4_digits""}",False,,
task_039:039_4,task_039,039_4,call_discoverable_user_tool,call_discoverable_user_tool,"{""credit_card_account_id"": ""cc_01f21c9970_gold""}",False,,
task_039:039_5,task_039,039_5,file_credit_card_transaction_dispute_4829,unlock_discoverable_agent_tool,"{""agent_tool_name"": ""file_credit_card_transaction_dispute_4829""}",True,,
task_039:039_6,task_039,039_6,file_credit_card_transaction_dispute_4829,call_discoverable_agent_tool,"{""address"": ""4532 Magnolia Lane, Philadelphia, PA 19103"", ""card_action"": ""cancel_and_reissue"", ""card_last_4_digits"": ""1652"", ""contacted_merchant"": true, ""dispute_reason"": ""duplicate_charge"", ""eligible_for_provisional_credit"": true, ""email"": ""midnight_runner_42@gmail.com"", ""full_name"": ""Kwame Asante"", ""issue_noticed_date"": ""11/14/2025"", ""phone"": ""215-555-0267"", ""purchase_date"": ""10/23/2025"", ""resolution_requested"": ""full_refund"", ""transaction_id"": ""txn_f7ce44574766"", ""user_id"": ""01f21c9970""}",True,,
task_039:039_7,task_039,039_7,file_credit_card_transaction_dispute_4829,call_discoverable_agent_tool,"{""address"": ""4532 Magnolia Lane, Philadelphia, PA 19103"", ""card_action"": ""cancel_and_reissue"", ""card_last_4_digits"": ""1652"", ""contacted_merchant"": false, ""dispute_reason"": ""unauthorized_fraudulent_charge"", ""eligible_for_provisional_credit"": true, ""email"": ""midnight_runner_42@gmail.com"", ""full_name"": ""Kwame Asante"", ""issue_noticed_date"": ""11/14/2025"", ""phone"": ""215-555-0267"", ""purchase_date"": ""10/09/2025"", ""resolution_requested"": ""full_refund"", ""transaction_id"": ""txn_a450807f1148"", ""user_id"": ""01f21c9970""}",True,,
task_039:039_8,task_039,039_8,file_credit_card_transaction_dispute_4829,call_discoverable_agent_tool,"{""address"": ""4532 Magnolia Lane, Philadelphia, PA 19103"", ""card_action"": ""cancel_and_reissue"", ""card_last_4_digits"": ""1652"", ""contacted_merchant"": true, ""dispute_reason"": ""duplicate_charge"", ""eligible_for_provisional_credit"": true, ""email"": ""midnight_runner_42@gmail.com"", ""full_name"": ""Kwame Asante"", ""issue_noticed_date"": ""11/14/2025"", ""phone"": ""215-555-0267"", ""purchase_date"": ""10/26/2025"", ""resolution_requested"": ""full_refund"", ""transaction_id"": ""txn_182e896e1c97"", ""user_id"": ""01f21c9970""}",True,,
task_039:039_9,task_039,039_9,file_credit_card_transaction_dispute_4829,call_discoverable_agent_tool,"{""address"": ""4532 Magnolia Lane, Philadelphia, PA 19103"", ""card_action"": ""cancel_and_reissue"", ""card_last_4_digits"": ""1652"", ""contacted_merchant"": false, ""dispute_reason"": ""unauthorized_fraudulent_charge"", ""eligible_for_provisional_credit"": false, ""email"": ""midnight_runner_42@gmail.com"", ""full_name"": ""Kwame Asante"", ""issue_noticed_date"": ""11/14/2025"", ""phone"": ""215-555-0267"", ""purchase_date"": ""10/11/2025"", ""resolution_requested"": ""full_refund"", ""transaction_id"": ""txn_2f16599b9075"", ""user_id"": ""01f21c9970""}",True,,
task_039:039_10,task_039,039_10,file_credit_card_transaction_dispute_4829,call_discoverable_agent_tool,"{""address"": ""4532 Magnolia Lane, Philadelphia, PA 19103"", ""card_action"": ""cancel_and_reissue"", ""card_last_4_digits"": ""1652"", ""contacted_merchant"": true, ""dispute_reason"": ""goods_services_not_as_described"", ""eligible_for_provisional_credit"": false, ""email"": ""midnight_runner_42@gmail.com"", ""full_name"": ""Kwame Asante"", ""issue_noticed_date"": ""11/14/2025"", ""phone"": ""215-555-0267"", ""purchase_date"": ""11/04/2025"", ""resolution_requested"": ""full_refund"", ""transaction_id"": ""txn_39469d5db822"", ""user_id"": ""01f21c9970""}",True,,
task_039:039_11,task_039,039_11,file_credit_card_transaction_dispute_4829,call_discoverable_agent_tool,"{""address"": ""4532 Magnolia Lane, Philadelphia, PA 19103"", ""card_action"": ""cancel_and_reissue"", ""card_last_4_digits"": ""1652"", ""contacted_merchant"": true, ""dispute_reason"": ""incorrect_amount"", ""eligible_for_provisional_credit"": false, ""email"": ""midnight_runner_42@gmail.com"", ""full_name"": ""Kwame Asante"", ""issue_noticed_date"": ""11/14/2025"", ""partial_refund_amount"": 50, ""phone"": ""215-555-0267"", ""purchase_date"": ""11/11/2025"", ""resolution_requested"": ""partial_refund"", ""transaction_id"": ""txn_02bf2e9dcfa7"", ""user_id"": ""01f21c9970""}",True,,
task_039:039_12,task_039,039_12,file_credit_card_transaction_dispute_4829,call_discoverable_agent_tool,"{""address"": ""4532 Magnolia Lane, Philadelphia, PA 19103"", ""card_action"": ""cancel_and_reissue"", ""card_last_4_digits"": ""1652"", ""contacted_merchant"": true, ""dispute_reason"": ""canceled_subscription_still_charging"", ""eligible_for_provisional_credit"": false, ""email"": ""midnight_runner_42@gmail.com"", ""full_name"": ""Kwame Asante"", ""issue_noticed_date"": ""11/14/2025"", ""phone"": ""215-555-0267"", ""purchase_date"": ""11/06/2025"", ""resolution_requested"": ""full_refund"", ""transaction_id"": ""txn_b94ce7d77e7f"", ""user_id"": ""01f21c9970""}",True,,
task_039:039_13,task_039,039_13,file_credit_card_transaction_dispute_4829,call_discoverable_agent_tool,"{""address"": ""4532 Magnolia Lane, Philadelphia, PA 19103"", ""card_action"": ""cancel_and_reissue"", ""card_last_4_digits"": ""1652"", ""contacted_merchant"": true, ""dispute_reason"": ""refund_never_processed"", ""eligible_for_provisional_credit"": false, ""email"": ""midnight_runner_42@gmail.com"", ""full_name"": ""Kwame Asante"", ""issue_noticed_date"": ""11/14/2025"", ""phone"": ""215-555-0267"", ""purchase_date"": ""11/13/2025"", ""resolution_requested"": ""full_refund"", ""transaction_id"": ""txn_d8e6e3386b89"", ""user_id"": ""01f21c9970""}",True,,
task_039:039_14,task_039,039_14,order_replacement_credit_card_7291,unlock_discoverable_agent_tool,"{""agent_tool_name"": ""order_replacement_credit_card_7291""}",False,,
task_039:039_15,task_039,039_15,order_replacement_credit_card_7291,call_discoverable_agent_tool,"{""credit_card_account_id"": ""cc_01f21c9970_gold"", ""expedited_shipping"": true, ""reason"": ""fraud_suspected"", ""shipping_address"": ""4532 Magnolia Lane, Philadelphia, PA 19103"", ""user_id"": ""01f21c9970""}",False,,
task_040:040_0,task_040,040_0,log_verification,log_verification,"{""address"": ""4532 Magnolia Lane, Philadelphia, PA 19103"", ""date_of_birth"": ""11/22/1983"", ""email"": ""midnight_runner_42@gmail.com"", ""name"": ""Kwame Asante"", ""phone_number"": ""215-555-0267"", ""time_verified"": ""2025-11-14 03:40:00 EST"", ""user_id"": ""01f21c9970""}",False,,
task_040:040_1,task_040,040_1,get_user_dispute_history_7291,unlock_discoverable_agent_tool,"{""agent_tool_name"": ""get_user_dispute_history_7291""}",True,,
task_040:040_2,task_040,040_2,get_user_dispute_history_7291,call_discoverable_agent_tool,"{""user_id"": ""01f21c9970""}",True,,
task_040:040_3,task_040,040_3,give_discoverable_user_tool,give_discoverable_user_tool,"{""discoverable_tool_name"": ""get_card_last_4_digits""}",False,,
task_040:040_4,task_040,040_4,call_discoverable_user_tool,call_discoverable_user_tool,"{""credit_card_account_id"": ""cc_01f21c9970_gold""}",False,,
task_040:040_5,task_040,040_5,call_discoverable_user_tool,call_discoverable_user_tool,"{""credit_card_account_id"": ""cc_01f21c9970_bgold""}",False,,
task_040:040_6,task_040,040_6,file_credit_card_transaction_dispute_4829,unlock_discoverable_agent_tool,"{""agent_tool_name"": ""file_credit_card_transaction_dispute_4829""}",True,,
task_040:040_7,task_040,040_7,file_credit_card_transaction_dispute_4829,call_discoverable_agent_tool,"{""address"": ""4532 Magnolia Lane, Philadelphia, PA 19103"", ""card_action"": ""keep_active"", ""card_last_4_digits"": ""0581"", ""contacted_merchant"": true, ""dispute_reason"": ""duplicate_charge"", ""eligible_for_provisional_credit"": true, ""email"": ""midnight_runner_42@gmail.com"", ""full_name"": ""Kwame Asante"", ""issue_noticed_date"": ""11/14/2025"", ""phone"": ""215-555-0267"", ""purchase_date"": ""10/26/2025"", ""resolution_requested"": ""full_refund"", ""transaction_id"": ""txn_25e23705f61f"", ""user_id"": ""01f21c9970""}",True,,
task_040:040_8,task_040,040_8,file_credit_card_transaction_dispute_4829,call_discoverable_agent_tool,"{""address"": ""4532 Magnolia Lane, Philadelphia, PA 19103"", ""card_action"": ""keep_active"", ""card_last_4_digits"": ""0581"", ""contacted_merchant"": false, ""dispute_reason"": ""unauthorized_fraudulent_charge"", ""eligible_for_provisional_credit"": true, ""email"": ""midnight_runner_42@gmail.com"", ""full_name"": ""Kwame Asante"", ""issue_noticed_date"": ""11/14/2025"", ""phone"": ""215-555-0267"", ""purchase_date"": ""10/19/2025"", ""resolution_requested"": ""full_refund"", ""transaction_id"": ""txn_fd4c3871654e"", ""user_id"": ""01f21c9970""}",True,,
task_040:040_9,task_040,040_9,file_credit_card_transaction_dispute_4829,call_discoverable_agent_tool,"{""address"": ""4532 Magnolia Lane, Philadelphia, PA 19103"", ""card_action"": ""keep_active"", ""card_last_4_digits"": ""1652"", ""contacted_merchant"": false, ""dispute_reason"": ""unauthorized_fraudulent_charge"", ""eligible_for_provisional_credit"": false, ""email"": ""midnight_runner_42@gmail.com"", ""full_name"": ""Kwame Asante"", ""issue_noticed_date"": ""11/14/2025"", ""phone"": ""215-555-0267"", ""purchase_date"": ""10/10/2025"", ""resolution_requested"": ""full_refund"", ""transaction_id"": ""txn_a1b2c3d4e503"", ""user_id"": ""01f21c9970""}",True,,
task_040:040_10,task_040,040_10,file_credit_card_transaction_dispute_4829,call_discoverable_agent_tool,"{""address"": ""4532 Magnolia Lane, Philadelphia, PA 19103"", ""card_action"": ""keep_active"", ""card_last_4_digits"": ""1652"", ""contacted_merchant"": true, ""dispute_reason"": ""duplicate_charge"", ""eligible_for_provisional_credit"": false, ""email"": ""midnight_runner_42@gmail.com"", ""full_name"": ""Kwame Asante"", ""issue_noticed_date"": ""11/14/2025"", ""phone"": ""215-555-0267"", ""purchase_date"": ""10/28/2025"", ""resolution_requested"": ""full_refund"", ""transaction_id"": ""txn_a1b2c3d4e510"", ""user_id"": ""01f21c9970""}",True,,
task_040:040_11,task_040,040_11,file_credit_card_transaction_dispute_4829,call_discoverable_agent_tool,"{""address"": ""4532 Magnolia Lane, Philadelphia, PA 19103"", ""card_action"": ""keep_active"", ""card_last_4_digits"": ""1652"", ""contacted_merchant"": true, ""dispute_reason"": ""incorrect_amount"", ""eligible_for_provisional_credit"": false, ""email"": ""midnight_runner_42@gmail.com"", ""full_name"": ""Kwame Asante"", ""issue_noticed_date"": ""11/14/2025"", ""partial_refund_amount"": 24.56, ""phone"": ""215-555-0267"", ""purchase_date"": ""10/22/2025"", ""resolution_requested"": ""partial_refund"", ""transaction_id"": ""txn_a1b2c3d4e508"", ""user_id"": ""01f21c9970""}",True,,
task_040:040_12,task_040,040_12,file_credit_card_transaction_dispute_4829,call_discoverable_agent_tool,"{""address"": ""4532 Magnolia Lane, Philadelphia, PA 19103"", ""card_action"": ""keep_active"", ""card_last_4_digits"": ""1652"", ""contacted_merchant"": true, ""dispute_reason"": ""canceled_subscription_still_charging"", ""eligible_for_provisional_credit"": false, ""email"": ""midnight_runner_42@gmail.com"", ""full_name"": ""Kwame Asante"", ""issue_noticed_date"": ""11/14/2025"", ""phone"": ""215-555-0267"", ""purchase_date"": ""11/05/2025"", ""resolution_requested"": ""full_refund"", ""transaction_id"": ""txn_a1b2c3d4e513"", ""user_id"": ""01f21c9970""}",True,,
task_040:040_13,task_040,040_13,file_credit_card_transaction_dispute_4829,call_discoverable_agent_tool,"{""address"": ""4532 Magnolia Lane, Philadelphia, PA 19103"", ""card_action"": ""keep_active"", ""card_last_4_digits"": ""0581"", ""contacted_merchant"": true, ""dispute_reason"": ""goods_services_not_as_described"", ""eligible_for_provisional_credit"": false, ""email"": ""midnight_runner_42@gmail.com"", ""full_name"": ""Kwame Asante"", ""issue_noticed_date"": ""11/14/2025"", ""phone"": ""215-555-0267"", ""purchase_date"": ""10/20/2025"", ""resolution_requested"": ""full_refund"", ""transaction_id"": ""txn_bc21d98cc4e4"", ""user_id"": ""01f21c9970""}",True,,
task_040:040_14,task_040,040_14,file_credit_card_transaction_dispute_4829,call_discoverable_agent_tool,"{""address"": ""4532 Magnolia Lane, Philadelphia, PA 19103"", ""card_action"": ""keep_active"", ""card_last_4_digits"": ""0581"", ""contacted_merchant"": true, ""dispute_reason"": ""refund_never_processed"", ""eligible_for_provisional_credit"": false, ""email"": ""midnight_runner_42@gmail.com"", ""full_name"": ""Kwame Asante"", ""issue_noticed_date"": ""11/14/2025"", ""phone"": ""215-555-0267"", ""purchase_date"": ""10/30/2025"", ""resolution_requested"": ""full_refund"", ""transaction_id"": ""txn_3ef1a3e9bf56"", ""user_id"": ""01f21c9970""}",True,,
task_041:041_0,task_041,041_0,log_verification,log_verification,"{""address"": ""1723 Santana Ave, Charleston, WV 25301"", ""date_of_birth"": ""06/03/1993"", ""email"": ""jazzy_cat_lady@yahoo.com"", ""name"": ""Claire Dubois"", ""phone_number"": ""504-555-0847"", ""time_verified"": ""2025-11-14 03:40:00 EST"", ""user_id"": ""a6a7d745b2""}",False,,
task_041:041_1,task_041,041_1,get_user_dispute_history_7291,unlock_discoverable_agent_tool,"{""agent_tool_name"": ""get_user_dispute_history_7291""}",True,,
task_041:041_2,task_041,041_2,get_user_dispute_history_7291,call_discoverable_agent_tool,"{""user_id"": ""a6a7d745b2""}",True,,
task_041:041_3,task_041,041_3,give_discoverable_user_tool,give_discoverable_user_tool,"{""discoverable_tool_name"": ""get_card_last_4_digits""}",False,,
task_041:041_4,task_041,041_4,call_discoverable_user_tool,call_discoverable_user_tool,"{""credit_card_account_id"": ""cc_a6a7d745b2_gold""}",False,,
task_041:041_5,task_041,041_5,call_discoverable_user_tool,call_discoverable_user_tool,"{""credit_card_account_id"": ""cc_a6a7d745b2_crypto""}",False,,
task_041:041_6,task_041,041_6,call_discoverable_user_tool,call_discoverable_user_tool,"{""credit_card_account_id"": ""cc_a6a7d745b2_eco""}",False,,
task_041:041_7,task_041,041_7,call_discoverable_user_tool,call_discoverable_user_tool,"{""credit_card_account_id"": ""cc_a6a7d745b2_bgold""}",False,,
task_041:041_8,task_041,041_8,file_credit_card_transaction_dispute_4829,unlock_discoverable_agent_tool,"{""agent_tool_name"": ""file_credit_card_transaction_dispute_4829""}",True,,
task_041:041_9,task_041,041_9,file_credit_card_transaction_dispute_4829,call_discoverable_agent_tool,"{""address"": ""1723 Santana Ave, Charleston, WV 25301"", ""card_action"": ""keep_active"", ""card_last_4_digits"": ""0652"", ""contacted_merchant"": false, ""dispute_reason"": ""unauthorized_fraudulent_charge"", ""eligible_for_provisional_credit"": true, ""email"": ""jazzy_cat_lady@yahoo.com"", ""full_name"": ""Claire Dubois"", ""issue_noticed_date"": ""11/14/2025"", ""phone"": ""504-555-0847"", ""purchase_date"": ""10/14/2025"", ""resolution_requested"": ""full_refund"", ""transaction_id"": ""txn_645286a3dd13"", ""user_id"": ""a6a7d745b2""}",True,,
task_041:041_10,task_041,041_10,file_credit_card_transaction_dispute_4829,call_discoverable_agent_tool,"{""address"": ""1723 Santana Ave, Charleston, WV 25301"", ""card_action"": ""keep_active"", ""card_last_4_digits"": ""3081"", ""contacted_merchant"": false, ""dispute_reason"": ""unauthorized_fraudulent_charge"", ""eligible_for_provisional_credit"": true, ""email"": ""jazzy_cat_lady@yahoo.com"", ""full_name"": ""Claire Dubois"", ""issue_noticed_date"": ""11/14/2025"", ""phone"": ""504-555-0847"", ""purchase_date"": ""10/12/2025"", ""resolution_requested"": ""full_refund"", ""transaction_id"": ""txn_1b4cc30a928e"", ""user_id"": ""a6a7d745b2""}",True,,
task_041:041_11,task_041,041_11,file_credit_card_transaction_dispute_4829,call_discoverable_agent_tool,"{""address"": ""1723 Santana Ave, Charleston, WV 25301"", ""card_action"": ""keep_active"", ""card_last_4_digits"": ""0573"", ""contacted_merchant"": false, ""dispute_reason"": ""unauthorized_fraudulent_charge"", ""eligible_for_provisional_credit"": false, ""email"": ""jazzy_cat_lady@yahoo.com"", ""full_name"": ""Claire Dubois"", ""issue_noticed_date"": ""11/14/2025"", ""phone"": ""504-555-0847"", ""purchase_date"": ""10/08/2025"", ""resolution_requested"": ""full_refund"", ""transaction_id"": ""txn_107c4fa829bd"", ""user_id"": ""a6a7d745b2""}",True,,
task_041:041_12,task_041,041_12,file_credit_card_transaction_dispute_4829,call_discoverable_agent_tool,"{""address"": ""1723 Santana Ave, Charleston, WV 25301"", ""card_action"": ""keep_active"", ""card_last_4_digits"": ""0652"", ""contacted_merchant"": true, ""dispute_reason"": ""duplicate_charge"", ""eligible_for_provisional_credit"": false, ""email"": ""jazzy_cat_lady@yahoo.com"", ""full_name"": ""Claire Dubois"", ""issue_noticed_date"": ""11/14/2025"", ""phone"": ""504-555-0847"", ""purchase_date"": ""10/20/2025"", ""resolution_requested"": ""full_refund"", ""transaction_id"": ""txn_3880720b4409"", ""user_id"": ""a6a7d745b2""}",True,,
task_041:041_13,task_041,041_13,file_credit_card_transaction_dispute_4829,call_discoverable_agent_tool,"{""address"": ""1723 Santana Ave, Charleston, WV 25301"", ""card_action"": ""keep_active"", ""card_last_4_digits"": ""3081"", ""contacted_merchant"": true, ""dispute_reason"": ""duplicate_charge"", ""eligible_for_provisional_credit"": false, ""email"": ""jazzy_cat_lady@yahoo.com"", ""full_name"": ""Claire Dubois"", ""issue_noticed_date"": ""11/14/2025"", ""phone"": ""504-555-0847"", ""purchase_date"": ""10/22/2025"", ""resolution_requested"": ""full_refund"", ""transaction_id"": ""txn_816986054539"", ""user_id"": ""a6a7d745b2""}",True,,
task_041:041_14,task_041,041_14,file_credit_card_transaction_dispute_4829,call_discoverable_agent_tool,"{""address"": ""1723 Santana Ave, Charleston, WV 25301"", ""card_action"": ""keep_active"", ""card_last_4_digits"": ""0573"", ""contacted_merchant"": true, ""dispute_reason"": ""duplicate_charge"", ""eligible_for_provisional_credit"": false, ""email"": ""jazzy_cat_lady@yahoo.com"", ""full_name"": ""Claire Dubois"", ""issue_noticed_date"": ""11/14/2025"", ""phone"": ""504-555-0847"", ""purchase_date"": ""10/15/2025"", ""resolution_requested"": ""full_refund"", ""transaction_id"": ""txn_4f6e48543e07"", ""user_id"": ""a6a7d745b2""}",True,,
task_041:041_15,task_041,041_15,file_credit_card_transaction_dispute_4829,call_discoverable_agent_tool,"{""address"": ""1723 Santana Ave, Charleston, WV 25301"", ""card_action"": ""keep_active"", ""card_last_4_digits"": ""3604"", ""contacted_merchant"": false, ""dispute_reason"": ""unauthorized_fraudulent_charge"", ""eligible_for_provisional_credit"": false, ""email"": ""jazzy_cat_lady@yahoo.com"", ""full_name"": ""Claire Dubois"", ""issue_noticed_date"": ""11/14/2025"", ""phone"": ""504-555-0847"", ""purchase_date"": ""10/10/2025"", ""resolution_requested"": ""full_refund"", ""transaction_id"": ""txn_b4f90f6ee392"", ""user_id"": ""a6a7d745b2""}",True,,
task_041:041_16,task_041,041_16,file_credit_card_transaction_dispute_4829,call_discoverable_agent_tool,"{""address"": ""1723 Santana Ave, Charleston, WV 25301"", ""card_action"": ""keep_active"", ""card_last_4_digits"": ""3604"", ""contacted_merchant"": true, ""dispute_reason"": ""duplicate_charge"", ""eligible_for_provisional_credit"": false, ""email"": ""jazzy_cat_lady@yahoo.com"", ""full_name"": ""Claire Dubois"", ""issue_noticed_date"": ""11/14/2025"", ""phone"": ""504-555-0847"", ""purchase_date"": ""10/18/2025"", ""resolution_requested"": ""full_refund"", ""transaction_id"": ""txn_5e6ad271fefb"", ""user_id"": ""a6a7d745b2""}",True,,
task_041:041_17,task_041,041_17,file_credit_card_transaction_dispute_4829,call_discoverable_agent_tool,"{""address"": ""1723 Santana Ave, Charleston, WV 25301"", ""card_action"": ""keep_active"", ""card_last_4_digits"": ""0573"", ""contacted_merchant"": true, ""dispute_reason"": ""goods_services_not_received"", ""eligible_for_provisional_credit"": false, ""email"": ""jazzy_cat_lady@yahoo.com"", ""full_name"": ""Claire Dubois"", ""issue_noticed_date"": ""11/14/2025"", ""phone"": ""504-555-0847"", ""purchase_date"": ""10/05/2025"", ""resolution_requested"": ""full_refund"", ""transaction_id"": ""txn_a42ce2e4156d"", ""user_id"": ""a6a7d745b2""}",True,,
task_041:041_18,task_041,041_18,file_credit_card_transaction_dispute_4829,call_discoverable_agent_tool,"{""address"": ""1723 Santana Ave, Charleston, WV 25301"", ""card_action"": ""keep_active"", ""card_last_4_digits"": ""3604"", ""contacted_merchant"": true, ""dispute_reason"": ""goods_services_not_received"", ""eligible_for_provisional_credit"": false, ""email"": ""jazzy_cat_lady@yahoo.com"", ""full_name"": ""Claire Dubois"", ""issue_noticed_date"": ""11/14/2025"", ""phone"": ""504-555-0847"", ""purchase_date"": ""10/02/2025"", ""resolution_requested"": ""full_refund"", ""transaction_id"": ""txn_c7a1c5fad26b"", ""user_id"": ""a6a7d745b2""}",True,,
task_041:041_19,task_041,041_19,file_credit_card_transaction_dispute_4829,call_discoverable_agent_tool,"{""address"": ""1723 Santana Ave, Charleston, WV 25301"", ""card_action"": ""keep_active"", ""card_last_4_digits"": ""0573"", ""contacted_merchant"": true, ""dispute_reason"": ""incorrect_amount"", ""eligible_for_provisional_credit"": false, ""email"": ""jazzy_cat_lady@yahoo.com"", ""full_name"": ""Claire Dubois"", ""issue_noticed_date"": ""11/14/2025"", ""partial_refund_amount"": 69.99, ""phone"": ""504-555-0847"", ""purchase_date"": ""10/28/2025"", ""resolution_requested"": ""partial_refund"", ""transaction_id"": ""txn_dd095dee227f"", ""user_id"": ""a6a7d745b2""}",True,,
task_041:041_20,task_041,041_20,file_credit_card_transaction_dispute_4829,call_discoverable_agent_tool,"{""address"": ""1723 Santana Ave, Charleston, WV 25301"", ""card_action"": ""keep_active"", ""card_last_4_digits"": ""3081"", ""contacted_merchant"": true, ""dispute_reason"": ""goods_services_not_as_described"", ""eligible_for_provisional_credit"": false, ""email"": ""jazzy_cat_lady@yahoo.com"", ""full_name"": ""Claire Dubois"", ""issue_noticed_date"": ""11/14/2025"", ""phone"": ""504-555-0847"", ""purchase_date"": ""10/25/2025"", ""resolution_requested"": ""full_refund"", ""transaction_id"": ""txn_ca1257bc2218"", ""user_id"": ""a6a7d745b2""}",True,,
task_041:041_21,task_041,041_21,file_credit_card_transaction_dispute_4829,call_discoverable_agent_tool,"{""address"": ""1723 Santana Ave, Charleston, WV 25301"", ""card_action"": ""keep_active"", ""card_last_4_digits"": ""3081"", ""contacted_merchant"": true, ""dispute_reason"": ""canceled_subscription_still_charging"", ""eligible_for_provisional_credit"": false, ""email"": ""jazzy_cat_lady@yahoo.com"", ""full_name"": ""Claire Dubois"", ""issue_noticed_date"": ""11/14/2025"", ""phone"": ""504-555-0847"", ""purchase_date"": ""11/01/2025"", ""resolution_requested"": ""full_refund"", ""transaction_id"": ""txn_79a44bbd7177"", ""user_id"": ""a6a7d745b2""}",True,,
task_041:041_22,task_041,041_22,file_credit_card_transaction_dispute_4829,call_discoverable_agent_tool,"{""address"": ""1723 Santana Ave, Charleston, WV 25301"", ""card_action"": ""keep_active"", ""card_last_4_digits"": ""3604"", ""contacted_merchant"": true, ""dispute_reason"": ""refund_never_processed"", ""eligible_for_provisional_credit"": false, ""email"": ""jazzy_cat_lady@yahoo.com"", ""full_name"": ""Claire Dubois"", ""issue_noticed_date"": ""11/14/2025"", ""phone"": ""504-555-0847"", ""purchase_date"": ""10/30/2025"", ""resolution_requested"": ""full_refund"", ""transaction_id"": ""txn_9c32520bf815"", ""user_id"": ""a6a7d745b2""}",True,,
task_041:041_23,task_041,041_23,file_credit_card_transaction_dispute_4829,call_discoverable_agent_tool,"{""address"": ""1723 Santana Ave, Charleston, WV 25301"", ""card_action"": ""keep_active"", ""card_last_4_digits"": ""0652"", ""contacted_merchant"": true, ""dispute_reason"": ""goods_services_not_as_described"", ""eligible_for_provisional_credit"": false, ""email"": ""jazzy_cat_lady@yahoo.com"", ""full_name"": ""Claire Dubois"", ""issue_noticed_date"": ""11/14/2025"", ""phone"": ""504-555-0847"", ""purchase_date"": ""10/24/2025"", ""resolution_requested"": ""full_refund"", ""transaction_id"": ""txn_7554844bef96"", ""user_id"": ""a6a7d745b2""}",True,,
task_041:041_24,task_041,041_24,file_credit_card_transaction_dispute_4829,call_discoverable_agent_tool,"{""address"": ""1723 Santana Ave, Charleston, WV 25301"", ""card_action"": ""keep_active"", ""card_last_4_digits"": ""0652"", ""contacted_merchant"": true, ""dispute_reason"": ""refund_never_processed"", ""eligible_for_provisional_credit"": false, ""email"": ""jazzy_cat_lady@yahoo.com"", ""full_name"": ""Claire Dubois"", ""issue_noticed_date"": ""11/14/2025"", ""phone"": ""504-555-0847"", ""purchase_date"": ""11/02/2025"", ""resolution_requested"": ""full_refund"", ""transaction_id"": ""txn_db96f3228527"", ""user_id"": ""a6a7d745b2""}",True,,
task_043:043_0,task_043,043_0,log_verification,log_verification,"{""address"": ""3421 Sakura Avenue, Portland, OR 97205"", ""date_of_birth"": ""05/12/1991"", ""email"": ""yuki.nakamura@simba.com"", ""name"": ""Yuki Nakamura"", ""phone_number"": ""503-555-0842"", ""time_verified"": ""2025-11-14 03:40:00 EST"", ""user_id"": ""224959b99e""}",False,,
task_043:043_0a,task_043,043_0a,get_user_dispute_history_7291,unlock_discoverable_agent_tool,"{""agent_tool_name"": ""get_user_dispute_history_7291""}",True,,
task_043:043_0b,task_043,043_0b,get_user_dispute_history_7291,call_discoverable_agent_tool,"{""user_id"": ""224959b99e""}",True,,
task_043:043_0c,task_043,043_0c,get_pending_replacement_orders_5765,unlock_discoverable_agent_tool,"{""agent_tool_name"": ""get_pending_replacement_orders_5765""}",False,,
task_043:043_0d,task_043,043_0d,get_pending_replacement_orders_5765,call_discoverable_agent_tool,"{""credit_card_account_id"": ""cc_224959b99e_plat""}",False,,
task_043:043_0e,task_043,043_0e,get_all_user_accounts_by_user_id_3847,unlock_discoverable_agent_tool,"{""agent_tool_name"": ""get_all_user_accounts_by_user_id_3847""}",False,,
task_043:043_0f,task_043,043_0f,get_all_user_accounts_by_user_id_3847,call_discoverable_agent_tool,"{""user_id"": ""224959b99e""}",False,,
task_043:043_1,task_043,043_1,pay_credit_card_from_checking_9182,unlock_discoverable_agent_tool,"{""agent_tool_name"": ""pay_credit_card_from_checking_9182""}",False,,
task_043:043_2,task_043,043_2,pay_credit_card_from_checking_9182,call_discoverable_agent_tool,"{""amount"": 75.0, ""checking_account_id"": ""05"", ""credit_card_account_id"": ""cc_224959b99e_plat"", ""user_id"": ""224959b99e""}",False,,
task_043:043_3,task_043,043_3,get_closure_reason_history_8293,unlock_discoverable_agent_tool,"{""agent_tool_name"": ""get_closure_reason_history_8293""}",False,,
task_043:043_4,task_043,043_4,get_closure_reason_history_8293,call_discoverable_agent_tool,"{""credit_card_account_id"": ""cc_224959b99e_plat""}",False,,
task_043:043_5,task_043,043_5,log_credit_card_closure_reason_4521,unlock_discoverable_agent_tool,"{""agent_tool_name"": ""log_credit_card_closure_reason_4521""}",False,,
task_043:043_6,task_043,043_6,log_credit_card_closure_reason_4521,call_discoverable_agent_tool,"{""closure_reason"": ""annual_fee"", ""credit_card_account_id"": ""cc_224959b99e_plat"", ""user_id"": ""224959b99e""}",False,,
task_043:043_7,task_043,043_7,apply_credit_card_account_flag_6147,unlock_discoverable_agent_tool,"{""agent_tool_name"": ""apply_credit_card_account_flag_6147""}",False,,
task_043:043_8,task_043,043_8,apply_credit_card_account_flag_6147,call_discoverable_agent_tool,"{""credit_card_account_id"": ""cc_224959b99e_plat"", ""expiration_date"": ""11/14/2026"", ""flag_type"": ""annual_fee_waived"", ""reason"": ""loyalty_benefit"", ""user_id"": ""224959b99e""}",False,,
task_044:044_0,task_044,044_0,log_verification,log_verification,"{""address"": ""1456 Astoria Boulevard, Queens, NY 11102"", ""date_of_birth"": ""01/25/1986"", ""email"": ""sofia.p@outlook.com"", ""name"": ""Sofia Papadopoulos"", ""phone_number"": ""347-555-0387"", ""time_verified"": ""2025-11-14 03:40:00 EST"", ""user_id"": ""584f9c5d00""}",False,,
task_044:044_0a,task_044,044_0a,get_user_dispute_history_7291,unlock_discoverable_agent_tool,"{""agent_tool_name"": ""get_user_dispute_history_7291""}",True,,
task_044:044_0b,task_044,044_0b,get_user_dispute_history_7291,call_discoverable_agent_tool,"{""user_id"": ""584f9c5d00""}",True,,
task_044:044_0c,task_044,044_0c,get_pending_replacement_orders_5765,unlock_discoverable_agent_tool,"{""agent_tool_name"": ""get_pending_replacement_orders_5765""}",False,,
task_044:044_0d,task_044,044_0d,get_pending_replacement_orders_5765,call_discoverable_agent_tool,"{""credit_card_account_id"": ""cc_584f9c5d00_gold""}",False,,
task_044:044_1,task_044,044_1,get_closure_reason_history_8293,unlock_discoverable_agent_tool,"{""agent_tool_name"": ""get_closure_reason_history_8293""}",False,,
task_044:044_2,task_044,044_2,get_closure_reason_history_8293,call_discoverable_agent_tool,"{""credit_card_account_id"": ""cc_584f9c5d00_gold""}",False,,
task_044:044_3,task_044,044_3,log_credit_card_closure_reason_4521,unlock_discoverable_agent_tool,"{""agent_tool_name"": ""log_credit_card_closure_reason_4521""}",False,,
task_044:044_4,task_044,044_4,log_credit_card_closure_reason_4521,call_discoverable_agent_tool,"{""closure_reason"": ""found_better_card"", ""credit_card_account_id"": ""cc_584f9c5d00_gold"", ""user_id"": ""584f9c5d00""}",False,,
task_044:044_5,task_044,044_5,apply_for_credit_card,apply_for_credit_card,"{""annual_income"": 145000, ""card_type"": ""Platinum Rewards Card"", ""customer_name"": ""Sofia Papadopoulos"", ""rho_bank_subscription"": false}",False,,
task_045:045_0,task_045,045_0,log_verification,log_verification,"{""address"": ""3421 Sakura Avenue, Portland, OR 97205"", ""date_of_birth"": ""05/12/1991"", ""email"": ""yuki.nakamura@simba.com"", ""name"": ""Yuki Nakamura"", ""phone_number"": ""503-555-0842"", ""time_verified"": ""2025-11-14 03:40:00 EST"", ""user_id"": ""224959b99e""}",False,,
task_045:045_0a,task_045,045_0a,get_user_dispute_history_7291,unlock_discoverable_agent_tool,"{""agent_tool_name"": ""get_user_dispute_history_7291""}",True,,
task_045:045_0b,task_045,045_0b,get_user_dispute_history_7291,call_discoverable_agent_tool,"{""user_id"": ""224959b99e""}",True,,
task_045:045_0c,task_045,045_0c,get_pending_replacement_orders_5765,unlock_discoverable_agent_tool,"{""agent_tool_name"": ""get_pending_replacement_orders_5765""}",False,,
task_045:045_0d,task_045,045_0d,get_pending_replacement_orders_5765,call_discoverable_agent_tool,"{""credit_card_account_id"": ""cc_224959b99e_bsilver""}",False,,
task_045:045_0e,task_045,045_0e,get_all_user_accounts_by_user_id_3847,unlock_discoverable_agent_tool,"{""agent_tool_name"": ""get_all_user_accounts_by_user_id_3847""}",False,,
task_045:045_0f,task_045,045_0f,get_all_user_accounts_by_user_id_3847,call_discoverable_agent_tool,"{""user_id"": ""224959b99e""}",False,,
task_045:045_1,task_045,045_1,pay_credit_card_from_checking_9182,unlock_discoverable_agent_tool,"{""agent_tool_name"": ""pay_credit_card_from_checking_9182""}",False,,
task_045:045_2,task_045,045_2,pay_credit_card_from_checking_9182,call_discoverable_agent_tool,"{""amount"": 125.0, ""checking_account_id"": ""05"", ""credit_card_account_id"": ""cc_224959b99e_bsilver"", ""user_id"": ""224959b99e""}",False,,
task_045:045_3,task_045,045_3,get_closure_reason_history_8293,unlock_discoverable_agent_tool,"{""agent_tool_name"": ""get_closure_reason_history_8293""}",False,,
task_045:045_4,task_045,045_4,get_closure_reason_history_8293,call_discoverable_agent_tool,"{""credit_card_account_id"": ""cc_224959b99e_bsilver""}",False,,
task_045:045_5,task_045,045_5,log_credit_card_closure_reason_4521,unlock_discoverable_agent_tool,"{""agent_tool_name"": ""log_credit_card_closure_reason_4521""}",False,,
task_045:045_6,task_045,045_6,log_credit_card_closure_reason_4521,call_discoverable_agent_tool,"{""closure_reason"": ""found_better_card"", ""credit_card_account_id"": ""cc_224959b99e_bsilver"", ""user_id"": ""224959b99e""}",False,,
task_045:045_7,task_045,045_7,apply_statement_credit_8472,unlock_discoverable_agent_tool,"{""agent_tool_name"": ""apply_statement_credit_8472""}",False,,
task_045:045_8,task_045,045_8,apply_statement_credit_8472,call_discoverable_agent_tool,"{""amount"": 20.0, ""credit_card_account_id"": ""cc_224959b99e_bsilver"", ""reason"": ""retention_offer"", ""user_id"": ""224959b99e""}",False,,
task_046:046_0,task_046,046_0,log_verification,log_verification,"{""address"": ""3421 Sakura Avenue, Portland, OR 97205"", ""date_of_birth"": ""05/12/1991"", ""email"": ""yuki.nakamura@simba.com"", ""name"": ""Yuki Nakamura"", ""phone_number"": ""503-555-0842"", ""time_verified"": ""2025-11-14 03:40:00 EST"", ""user_id"": ""224959b99e""}",False,,
task_046:046_1,task_046,046_1,get_user_dispute_history_7291,unlock_discoverable_agent_tool,"{""agent_tool_name"": ""get_user_dispute_history_7291""}",True,,
task_046:046_2,task_046,046_2,get_user_dispute_history_7291,call_discoverable_agent_tool,"{""user_id"": ""224959b99e""}",True,,
task_047:047_0,task_047,047_0,log_verification,log_verification,"{""address"": ""2847 Lavender Lane, Denver, CO 80202"", ""date_of_birth"": ""07/18/1989"", ""email"": ""margot.bellamy@gmail.com"", ""name"": ""Margot Bellamy"", ""phone_number"": ""303-555-0419"", ""time_verified"": ""2025-11-14 03:40:00 EST"", ""user_id"": ""c7d8e9f0a1""}",False,,
task_047:047_0a,task_047,047_0a,get_user_dispute_history_7291,unlock_discoverable_agent_tool,"{""agent_tool_name"": ""get_user_dispute_history_7291""}",True,,
task_047:047_0b,task_047,047_0b,get_user_dispute_history_7291,call_discoverable_agent_tool,"{""user_id"": ""c7d8e9f0a1""}",True,,
task_047:047_0c,task_047,047_0c,get_pending_replacement_orders_5765,unlock_discoverable_agent_tool,"{""agent_tool_name"": ""get_pending_replacement_orders_5765""}",False,,
task_047:047_0d,task_047,047_0d,get_pending_replacement_orders_5765,call_discoverable_agent_tool,"{""credit_card_account_id"": ""cc_c7d8e9f0a1_szoom""}",False,,
task_047:047_1,task_047,047_1,get_closure_reason_history_8293,unlock_discoverable_agent_tool,"{""agent_tool_name"": ""get_closure_reason_history_8293""}",False,,
task_047:047_2,task_047,047_2,get_closure_reason_history_8293,call_discoverable_agent_tool,"{""credit_card_account_id"": ""cc_c7d8e9f0a1_szoom""}",False,,
task_047:047_3,task_047,047_3,log_credit_card_closure_reason_4521,unlock_discoverable_agent_tool,"{""agent_tool_name"": ""log_credit_card_closure_reason_4521""}",False,,
task_047:047_4,task_047,047_4,log_credit_card_closure_reason_4521,call_discoverable_agent_tool,"{""closure_reason"": ""found_better_card"", ""credit_card_account_id"": ""cc_c7d8e9f0a1_szoom"", ""user_id"": ""c7d8e9f0a1""}",False,,
task_047:047_5,task_047,047_5,apply_for_credit_card,apply_for_credit_card,"{""annual_income"": 135000, ""card_type"": ""Business Platinum Rewards Card"", ""customer_name"": ""Margot Bellamy"", ""rho_bank_subscription"": false}",False,,
task_047:047_5a,task_047,047_5a,get_pending_replacement_orders_5765,call_discoverable_agent_tool,"{""credit_card_account_id"": ""cc_c7d8e9f0a1_plat""}",False,,
task_047:047_6,task_047,047_6,get_closure_reason_history_8293,call_discoverable_agent_tool,"{""credit_card_account_id"": ""cc_c7d8e9f0a1_plat""}",False,,
task_047:047_7,task_047,047_7,log_credit_card_closure_reason_4521,call_discoverable_agent_tool,"{""closure_reason"": ""annual_fee"", ""credit_card_account_id"": ""cc_c7d8e9f0a1_plat"", ""user_id"": ""c7d8e9f0a1""}",False,,
task_047:047_8,task_047,047_8,apply_statement_credit_8472,unlock_discoverable_agent_tool,"{""agent_tool_name"": ""apply_statement_credit_8472""}",False,,
task_047:047_9,task_047,047_9,apply_statement_credit_8472,call_discoverable_agent_tool,"{""amount"": 50.0, ""credit_card_account_id"": ""cc_c7d8e9f0a1_plat"", ""reason"": ""retention_offer"", ""user_id"": ""c7d8e9f0a1""}",False,,
task_048:048_0,task_048,048_0,log_verification,log_verification,"{""address"": ""1847 Aegean Drive, Tampa, FL 33606"", ""date_of_birth"": ""03/22/1987"", ""email"": ""valentina.k@protonmail.com"", ""name"": ""Valentina Kostopoulos"", ""phone_number"": ""813-555-0294"", ""time_verified"": ""2025-11-14 03:40:00 EST"", ""user_id"": ""e3f4a5b6c7""}",False,,
task_048:048_0a,task_048,048_0a,get_user_dispute_history_7291,unlock_discoverable_agent_tool,"{""agent_tool_name"": ""get_user_dispute_history_7291""}",True,,
task_048:048_0b,task_048,048_0b,get_user_dispute_history_7291,call_discoverable_agent_tool,"{""user_id"": ""e3f4a5b6c7""}",True,,
task_048:048_0c,task_048,048_0c,get_pending_replacement_orders_5765,unlock_discoverable_agent_tool,"{""agent_tool_name"": ""get_pending_replacement_orders_5765""}",False,,
task_048:048_0d,task_048,048_0d,get_pending_replacement_orders_5765,call_discoverable_agent_tool,"{""credit_card_account_id"": ""cc_e3f4a5b6c7_green""}",False,,
task_048:048_1,task_048,048_1,get_closure_reason_history_8293,unlock_discoverable_agent_tool,"{""agent_tool_name"": ""get_closure_reason_history_8293""}",False,,
task_048:048_2,task_048,048_2,get_closure_reason_history_8293,call_discoverable_agent_tool,"{""credit_card_account_id"": ""cc_e3f4a5b6c7_green""}",False,,
task_048:048_3,task_048,048_3,close_credit_card_account_7834,unlock_discoverable_agent_tool,"{""agent_tool_name"": ""close_credit_card_account_7834""}",False,,
task_048:048_4,task_048,048_4,close_credit_card_account_7834,call_discoverable_agent_tool,"{""credit_card_account_id"": ""cc_e3f4a5b6c7_green"", ""user_id"": ""e3f4a5b6c7""}",False,,
task_048:048_5,task_048,048_5,get_pending_replacement_orders_5765,call_discoverable_agent_tool,"{""credit_card_account_id"": ""cc_e3f4a5b6c7_eco""}",False,,
task_048:048_6,task_048,048_6,get_pending_replacement_orders_5765,call_discoverable_agent_tool,"{""credit_card_account_id"": ""cc_e3f4a5b6c7_gold""}",False,,
task_048:048_6_unlock_accounts,task_048,048_6_unlock_accounts,get_all_user_accounts_by_user_id_3847,unlock_discoverable_agent_tool,"{""agent_tool_name"": ""get_all_user_accounts_by_user_id_3847""}",False,,
task_048:048_6_call_accounts,task_048,048_6_call_accounts,get_all_user_accounts_by_user_id_3847,call_discoverable_agent_tool,"{""user_id"": ""e3f4a5b6c7""}",False,,
task_048:048_6a,task_048,048_6a,pay_credit_card_from_checking_9182,unlock_discoverable_agent_tool,"{""agent_tool_name"": ""pay_credit_card_from_checking_9182""}",False,,
task_048:048_6b,task_048,048_6b,pay_credit_card_from_checking_9182,call_discoverable_agent_tool,"{""amount"": 175.0, ""checking_account_id"": ""07"", ""credit_card_account_id"": ""cc_e3f4a5b6c7_gold"", ""user_id"": ""e3f4a5b6c7""}",False,,
task_048:048_7,task_048,048_7,get_closure_reason_history_8293,call_discoverable_agent_tool,"{""credit_card_account_id"": ""cc_e3f4a5b6c7_gold""}",False,,
task_048:048_8,task_048,048_8,log_credit_card_closure_reason_4521,unlock_discoverable_agent_tool,"{""agent_tool_name"": ""log_credit_card_closure_reason_4521""}",False,,
task_048:048_9,task_048,048_9,log_credit_card_closure_reason_4521,call_discoverable_agent_tool,"{""closure_reason"": ""found_better_card"", ""credit_card_account_id"": ""cc_e3f4a5b6c7_gold"", ""user_id"": ""e3f4a5b6c7""}",False,,
task_048:048_10,task_048,048_10,apply_for_credit_card,apply_for_credit_card,"{""annual_income"": 125000, ""card_type"": ""Silver Rewards Card"", ""customer_name"": ""Valentina Kostopoulos"", ""rho_bank_subscription"": false}",False,,
task_048:048_11,task_048,048_11,get_pending_replacement_orders_5765,call_discoverable_agent_tool,"{""credit_card_account_id"": ""cc_e3f4a5b6c7_crypto""}",False,,
task_048:048_12,task_048,048_12,get_closure_reason_history_8293,call_discoverable_agent_tool,"{""credit_card_account_id"": ""cc_e3f4a5b6c7_crypto""}",False,,
task_048:048_13,task_048,048_13,log_credit_card_closure_reason_4521,call_discoverable_agent_tool,"{""closure_reason"": ""unhappy_with_rewards"", ""credit_card_account_id"": ""cc_e3f4a5b6c7_crypto"", ""user_id"": ""e3f4a5b6c7""}",False,,
task_048:048_14,task_048,048_14,apply_statement_credit_8472,unlock_discoverable_agent_tool,"{""agent_tool_name"": ""apply_statement_credit_8472""}",False,,
task_048:048_15,task_048,048_15,apply_statement_credit_8472,call_discoverable_agent_tool,"{""amount"": 5.0, ""credit_card_account_id"": ""cc_e3f4a5b6c7_crypto"", ""reason"": ""retention_offer"", ""user_id"": ""e3f4a5b6c7""}",False,,
task_049:049_0,task_049,049_0,log_verification,log_verification,"{""address"": ""3892 Sunset Ridge Dr, Phoenix, AZ 85004"", ""date_of_birth"": ""10/08/1989"", ""email"": ""marcus.cr@outlook.com"", ""name"": ""Marcus Chen-Ramirez"", ""phone_number"": ""602-555-0831"", ""time_verified"": ""2025-11-14 03:40:00 EST"", ""user_id"": ""h1i2j3k4l5""}",False,,
task_049:049_0a,task_049,049_0a,get_user_dispute_history_7291,unlock_discoverable_agent_tool,"{""agent_tool_name"": ""get_user_dispute_history_7291""}",True,,
task_049:049_0b,task_049,049_0b,get_user_dispute_history_7291,call_discoverable_agent_tool,"{""user_id"": ""h1i2j3k4l5""}",True,,
task_049:049_0c,task_049,049_0c,get_pending_replacement_orders_5765,unlock_discoverable_agent_tool,"{""agent_tool_name"": ""get_pending_replacement_orders_5765""}",False,,
task_049:049_0d,task_049,049_0d,get_pending_replacement_orders_5765,call_discoverable_agent_tool,"{""credit_card_account_id"": ""cc_h1i2j3k4l5_green""}",False,,
task_049:049_1,task_049,049_1,get_closure_reason_history_8293,unlock_discoverable_agent_tool,"{""agent_tool_name"": ""get_closure_reason_history_8293""}",False,,
task_049:049_2,task_049,049_2,get_closure_reason_history_8293,call_discoverable_agent_tool,"{""credit_card_account_id"": ""cc_h1i2j3k4l5_green""}",False,,
task_049:049_3,task_049,049_3,close_credit_card_account_7834,unlock_discoverable_agent_tool,"{""agent_tool_name"": ""close_credit_card_account_7834""}",False,,
task_049:049_4,task_049,049_4,close_credit_card_account_7834,call_discoverable_agent_tool,"{""credit_card_account_id"": ""cc_h1i2j3k4l5_green"", ""user_id"": ""h1i2j3k4l5""}",False,,
task_049:049_5,task_049,049_5,get_pending_replacement_orders_5765,call_discoverable_agent_tool,"{""credit_card_account_id"": ""cc_h1i2j3k4l5_eco""}",False,,
task_049:049_6,task_049,049_6,get_pending_replacement_orders_5765,call_discoverable_agent_tool,"{""credit_card_account_id"": ""cc_h1i2j3k4l5_gold""}",False,,
task_049:049_7,task_049,049_7,get_pending_replacement_orders_5765,call_discoverable_agent_tool,"{""credit_card_account_id"": ""cc_h1i2j3k4l5_crypto""}",False,,
task_049:049_8,task_049,049_8,get_closure_reason_history_8293,call_discoverable_agent_tool,"{""credit_card_account_id"": ""cc_h1i2j3k4l5_crypto""}",False,,
task_049:049_9,task_049,049_9,log_credit_card_closure_reason_4521,unlock_discoverable_agent_tool,"{""agent_tool_name"": ""log_credit_card_closure_reason_4521""}",False,,
task_049:049_10,task_049,049_10,log_credit_card_closure_reason_4521,call_discoverable_agent_tool,"{""closure_reason"": ""annual_fee"", ""credit_card_account_id"": ""cc_h1i2j3k4l5_crypto"", ""user_id"": ""h1i2j3k4l5""}",False,,
task_049:049_11,task_049,049_11,apply_statement_credit_8472,unlock_discoverable_agent_tool,"{""agent_tool_name"": ""apply_statement_credit_8472""}",False,,
task_049:049_12,task_049,049_12,apply_statement_credit_8472,call_discoverable_agent_tool,"{""amount"": 5.0, ""credit_card_account_id"": ""cc_h1i2j3k4l5_crypto"", ""reason"": ""retention_offer"", ""user_id"": ""h1i2j3k4l5""}",False,,
task_049:049_13,task_049,049_13,request_human_agent_transfer,request_human_agent_transfer,{},False,,
task_049:049_14,task_049,049_14,transfer_to_human_agents,transfer_to_human_agents,"{""summary"": ""Customer Marcus Chen-Ramirez requested to close 4 credit cards. Green Rewards Card was closed (had prior retention attempt so not eligible for retention). EcoCard could not be closed due to pending replacement card in transit - customer disputed this but system shows card not yet delivered. Gold Rewards Card could not be closed due to $175 outstanding balance and insufficient checking funds ($50) - customer claimed to have made a payment but no payment was received. Crypto-Cash Back - customer wanted to close due to annual fee, offered downgrade which was refused, applied $5 statement credit as retention offer which customer accepted. Customer frustrated with experience and requested transfer to human agent.""}",False,,
task_050:050_0,task_050,050_0,log_verification,log_verification,"{""address"": ""1456 Astoria Boulevard, Queens, NY 11102"", ""date_of_birth"": ""01/25/1986"", ""email"": ""sofia.p@outlook.com"", ""name"": ""Sofia Papadopoulos"", ""phone_number"": ""347-555-0387"", ""time_verified"": ""2025-11-14 03:40:00 EST"", ""user_id"": ""584f9c5d00""}",False,,
task_050:050_1,task_050,050_1,submit_credit_limit_increase_request_7392,unlock_discoverable_agent_tool,"{""agent_tool_name"": ""submit_credit_limit_increase_request_7392""}",False,,
task_050:050_2,task_050,050_2,submit_credit_limit_increase_request_7392,call_discoverable_agent_tool,"{""credit_card_account_id"": ""cc_584f9c5d00_gold"", ""requested_increase_amount"": 2500, ""user_id"": ""584f9c5d00""}",False,,
task_050:050_3,task_050,050_3,get_user_dispute_history_7291,unlock_discoverable_agent_tool,"{""agent_tool_name"": ""get_user_dispute_history_7291""}",True,,
task_050:050_4,task_050,050_4,get_user_dispute_history_7291,call_discoverable_agent_tool,"{""user_id"": ""584f9c5d00""}",True,,
task_050:050_5,task_050,050_5,get_pending_replacement_orders_5765,unlock_discoverable_agent_tool,"{""agent_tool_name"": ""get_pending_replacement_orders_5765""}",False,,
task_050:050_6,task_050,050_6,get_pending_replacement_orders_5765,call_discoverable_agent_tool,"{""credit_card_account_id"": ""cc_584f9c5d00_gold""}",False,,
task_050:050_7,task_050,050_7,get_credit_limit_increase_history_4829,unlock_discoverable_agent_tool,"{""agent_tool_name"": ""get_credit_limit_increase_history_4829""}",False,,
task_050:050_8,task_050,050_8,get_credit_limit_increase_history_4829,call_discoverable_agent_tool,"{""credit_card_account_id"": ""cc_584f9c5d00_gold""}",False,,
task_050:050_9,task_050,050_9,get_payment_history_6183,unlock_discoverable_agent_tool,"{""agent_tool_name"": ""get_payment_history_6183""}",False,,
task_050:050_10,task_050,050_10,get_payment_history_6183,call_discoverable_agent_tool,"{""credit_card_account_id"": ""cc_584f9c5d00_gold"", ""months"": 3}",False,,
task_050:050_11,task_050,050_11,approve_credit_limit_increase_5847,unlock_discoverable_agent_tool,"{""agent_tool_name"": ""approve_credit_limit_increase_5847""}",False,,
task_050:050_12,task_050,050_12,approve_credit_limit_increase_5847,call_discoverable_agent_tool,"{""credit_card_account_id"": ""cc_584f9c5d00_gold"", ""new_credit_limit"": 7500, ""user_id"": ""584f9c5d00""}",False,,
task_051:051_0,task_051,051_0,log_verification,log_verification,"{""address"": ""3178 Harbor View Drive, San Diego, CA 92101"", ""date_of_birth"": ""01/24/1991"", ""email"": ""meimeimeimei@icloud.com"", ""name"": ""Zhang Mei"", ""phone_number"": ""619-555-0756"", ""time_verified"": ""2025-11-14 03:40:00 EST"", ""user_id"": ""5e4c1a83b0""}",False,,
task_051:051_1,task_051,051_1,submit_credit_limit_increase_request_7392,unlock_discoverable_agent_tool,"{""agent_tool_name"": ""submit_credit_limit_increase_request_7392""}",False,,
task_051:051_2,task_051,051_2,submit_credit_limit_increase_request_7392,call_discoverable_agent_tool,"{""credit_card_account_id"": ""cc_5e4c1a83b0_bronze"", ""requested_increase_amount"": 1000, ""user_id"": ""5e4c1a83b0""}",False,,
task_051:051_2a,task_051,051_2a,get_credit_limit_increase_history_4829,unlock_discoverable_agent_tool,"{""agent_tool_name"": ""get_credit_limit_increase_history_4829""}",False,,
task_051:051_2b,task_051,051_2b,get_credit_limit_increase_history_4829,call_discoverable_agent_tool,"{""credit_card_account_id"": ""cc_5e4c1a83b0_bronze""}",False,,
task_051:051_2c,task_051,051_2c,get_payment_history_6183,unlock_discoverable_agent_tool,"{""agent_tool_name"": ""get_payment_history_6183""}",False,,
task_051:051_2d,task_051,051_2d,get_payment_history_6183,call_discoverable_agent_tool,"{""credit_card_account_id"": ""cc_5e4c1a83b0_bronze"", ""months"": 6}",False,,
task_051:051_2e,task_051,051_2e,get_user_dispute_history_7291,unlock_discoverable_agent_tool,"{""agent_tool_name"": ""get_user_dispute_history_7291""}",True,,
task_051:051_2f,task_051,051_2f,get_user_dispute_history_7291,call_discoverable_agent_tool,"{""user_id"": ""5e4c1a83b0""}",True,,
task_051:051_2g,task_051,051_2g,get_pending_replacement_orders_5765,unlock_discoverable_agent_tool,"{""agent_tool_name"": ""get_pending_replacement_orders_5765""}",False,,
task_051:051_2h,task_051,051_2h,get_pending_replacement_orders_5765,call_discoverable_agent_tool,"{""credit_card_account_id"": ""cc_5e4c1a83b0_bronze""}",False,,
task_051:051_3,task_051,051_3,deny_credit_limit_increase_5848,unlock_discoverable_agent_tool,"{""agent_tool_name"": ""deny_credit_limit_increase_5848""}",False,,
task_051:051_4,task_051,051_4,deny_credit_limit_increase_5848,call_discoverable_agent_tool,"{""credit_card_account_id"": ""cc_5e4c1a83b0_bronze"", ""denial_reason"": ""high_utilization"", ""user_id"": ""5e4c1a83b0""}",False,,
task_051:051_4a,task_051,051_4a,get_all_user_accounts_by_user_id_3847,unlock_discoverable_agent_tool,"{""agent_tool_name"": ""get_all_user_accounts_by_user_id_3847""}",False,,
task_051:051_4b,task_051,051_4b,get_all_user_accounts_by_user_id_3847,call_discoverable_agent_tool,"{""user_id"": ""5e4c1a83b0""}",False,,
task_051:051_5,task_051,051_5,pay_credit_card_from_checking_9182,unlock_discoverable_agent_tool,"{""agent_tool_name"": ""pay_credit_card_from_checking_9182""}",False,,
task_051:051_6,task_051,051_6,pay_credit_card_from_checking_9182,call_discoverable_agent_tool,"{""amount"": 3000, ""checking_account_id"": ""chk_5e4c1a83b0"", ""credit_card_account_id"": ""cc_5e4c1a83b0_bronze"", ""user_id"": ""5e4c1a83b0""}",False,,
task_051:051_7,task_051,051_7,submit_credit_limit_increase_request_7392,call_discoverable_agent_tool,"{""credit_card_account_id"": ""cc_5e4c1a83b0_bronze"", ""requested_increase_amount"": 1000, ""user_id"": ""5e4c1a83b0""}",False,,
task_051:051_8,task_051,051_8,approve_credit_limit_increase_5847,unlock_discoverable_agent_tool,"{""agent_tool_name"": ""approve_credit_limit_increase_5847""}",False,,
task_051:051_9,task_051,051_9,approve_credit_limit_increase_5847,call_discoverable_agent_tool,"{""credit_card_account_id"": ""cc_5e4c1a83b0_bronze"", ""new_credit_limit"": 5000, ""user_id"": ""5e4c1a83b0""}",False,,
task_052:052_0,task_052,052_0,log_verification,log_verification,"{""address"": ""3178 Harbor View Drive, San Diego, CA 92101"", ""date_of_birth"": ""01/24/1991"", ""email"": ""meimeimeimei@icloud.com"", ""name"": ""Zhang Mei"", ""phone_number"": ""619-555-0756"", ""time_verified"": ""2025-11-14 03:40:00 EST"", ""user_id"": ""5e4c1a83b0""}",False,,
task_052:052_1,task_052,052_1,submit_credit_limit_increase_request_7392,unlock_discoverable_agent_tool,"{""agent_tool_name"": ""submit_credit_limit_increase_request_7392""}",False,,
task_052:052_2,task_052,052_2,submit_credit_limit_increase_request_7392,call_discoverable_agent_tool,"{""credit_card_account_id"": ""cc_5e4c1a83b0_bronze"", ""requested_increase_amount"": 400, ""user_id"": ""5e4c1a83b0""}",False,,
task_052:052_3,task_052,052_3,get_credit_limit_increase_history_4829,unlock_discoverable_agent_tool,"{""agent_tool_name"": ""get_credit_limit_increase_history_4829""}",False,,
task_052:052_4,task_052,052_4,get_credit_limit_increase_history_4829,call_discoverable_agent_tool,"{""credit_card_account_id"": ""cc_5e4c1a83b0_bronze""}",False,,
task_052:052_5,task_052,052_5,get_user_dispute_history_7291,unlock_discoverable_agent_tool,"{""agent_tool_name"": ""get_user_dispute_history_7291""}",True,,
task_052:052_6,task_052,052_6,get_user_dispute_history_7291,call_discoverable_agent_tool,"{""user_id"": ""5e4c1a83b0""}",True,,
task_052:052_7,task_052,052_7,get_pending_replacement_orders_5765,unlock_discoverable_agent_tool,"{""agent_tool_name"": ""get_pending_replacement_orders_5765""}",False,,
task_052:052_8,task_052,052_8,get_pending_replacement_orders_5765,call_discoverable_agent_tool,"{""credit_card_account_id"": ""cc_5e4c1a83b0_bronze""}",False,,
task_052:052_9,task_052,052_9,get_payment_history_6183,unlock_discoverable_agent_tool,"{""agent_tool_name"": ""get_payment_history_6183""}",False,,
task_052:052_10,task_052,052_10,get_payment_history_6183,call_discoverable_agent_tool,"{""credit_card_account_id"": ""cc_5e4c1a83b0_bronze"", ""months"": 6}",False,,
task_052:052_11,task_052,052_11,deny_credit_limit_increase_5848,unlock_discoverable_agent_tool,"{""agent_tool_name"": ""deny_credit_limit_increase_5848""}",False,,
task_052:052_12,task_052,052_12,deny_credit_limit_increase_5848,call_discoverable_agent_tool,"{""credit_card_account_id"": ""cc_5e4c1a83b0_bronze"", ""denial_reason"": ""cooldown_period_active"", ""user_id"": ""5e4c1a83b0""}",False,,
task_053:053_0,task_053,053_0,log_verification,log_verification,"{""address"": ""7245 Mountain View Way, Scottsdale, AZ 85250"", ""date_of_birth"": ""05/12/1991"", ""email"": ""daniel.ph@outlook.com"", ""name"": ""Daniel Park-Hernandez"", ""phone_number"": ""480-555-0917"", ""time_verified"": ""2025-11-14 03:40:00 EST"", ""user_id"": ""e9d195fe8e""}",False,,
task_053:053_1,task_053,053_1,get_user_dispute_history_7291,unlock_discoverable_agent_tool,"{""agent_tool_name"": ""get_user_dispute_history_7291""}",True,,
task_053:053_2,task_053,053_2,get_user_dispute_history_7291,call_discoverable_agent_tool,"{""user_id"": ""e9d195fe8e""}",True,,
task_053:053_3,task_053,053_3,get_pending_replacement_orders_5765,unlock_discoverable_agent_tool,"{""agent_tool_name"": ""get_pending_replacement_orders_5765""}",False,,
task_053:053_4,task_053,053_4,get_pending_replacement_orders_5765,call_discoverable_agent_tool,"{""credit_card_account_id"": ""cc_e9d195fe8e_silver""}",False,,
task_053:053_5,task_053,053_5,get_credit_limit_increase_history_4829,unlock_discoverable_agent_tool,"{""agent_tool_name"": ""get_credit_limit_increase_history_4829""}",False,,
task_053:053_6,task_053,053_6,get_credit_limit_increase_history_4829,call_discoverable_agent_tool,"{""credit_card_account_id"": ""cc_e9d195fe8e_silver""}",False,,
task_053:053_7,task_053,053_7,get_payment_history_6183,unlock_discoverable_agent_tool,"{""agent_tool_name"": ""get_payment_history_6183""}",False,,
task_053:053_8,task_053,053_8,get_payment_history_6183,call_discoverable_agent_tool,"{""credit_card_account_id"": ""cc_e9d195fe8e_silver"", ""months"": 3}",False,,
task_053:053_9,task_053,053_9,submit_credit_limit_increase_request_7392,unlock_discoverable_agent_tool,"{""agent_tool_name"": ""submit_credit_limit_increase_request_7392""}",False,,
task_053:053_10,task_053,053_10,submit_credit_limit_increase_request_7392,call_discoverable_agent_tool,"{""credit_card_account_id"": ""cc_e9d195fe8e_silver"", ""requested_increase_amount"": 7500, ""user_id"": ""e9d195fe8e""}",False,,
task_053:053_11,task_053,053_11,approve_credit_limit_increase_5847,unlock_discoverable_agent_tool,"{""agent_tool_name"": ""approve_credit_limit_increase_5847""}",False,,
task_053:053_12,task_053,053_12,approve_credit_limit_increase_5847,call_discoverable_agent_tool,"{""credit_card_account_id"": ""cc_e9d195fe8e_silver"", ""new_credit_limit"": 22500, ""user_id"": ""e9d195fe8e""}",False,,
task_053:053_13,task_053,053_13,give_discoverable_user_tool,give_discoverable_user_tool,"{""discoverable_tool_name"": ""get_card_last_4_digits""}",False,,
task_053:053_14,task_053,053_14,file_credit_card_transaction_dispute_4829,unlock_discoverable_agent_tool,"{""agent_tool_name"": ""file_credit_card_transaction_dispute_4829""}",True,,
task_053:053_15,task_053,053_15,file_credit_card_transaction_dispute_4829,call_discoverable_agent_tool,"{""address"": ""7245 Mountain View Way, Scottsdale, AZ 85250"", ""card_action"": ""keep_active"", ""card_last_4_digits"": ""2791"", ""contacted_merchant"": true, ""dispute_reason"": ""goods_services_not_received"", ""eligible_for_provisional_credit"": true, ""email"": ""daniel.ph@outlook.com"", ""full_name"": ""Daniel Park-Hernandez"", ""issue_noticed_date"": ""10/31/2025"", ""phone"": ""480-555-0917"", ""purchase_date"": ""10/10/2025"", ""resolution_requested"": ""full_refund"", ""transaction_id"": ""txn_e9d195fe8e_001"", ""user_id"": ""e9d195fe8e""}",True,,
task_054:054_0,task_054,054_0,log_verification,log_verification,"{""address"": ""1456 Astoria Boulevard, Queens, NY 11102"", ""date_of_birth"": ""01/25/1986"", ""email"": ""sofia.p@outlook.com"", ""name"": ""Sofia Papadopoulos"", ""phone_number"": ""347-555-0387"", ""time_verified"": ""2025-11-14 03:40:00 EST"", ""user_id"": ""584f9c5d00""}",False,,
task_054:054_1,task_054,054_1,submit_credit_limit_increase_request_7392,unlock_discoverable_agent_tool,"{""agent_tool_name"": ""submit_credit_limit_increase_request_7392""}",False,,
task_054:054_2,task_054,054_2,submit_credit_limit_increase_request_7392,call_discoverable_agent_tool,"{""credit_card_account_id"": ""cc_584f9c5d00_gold"", ""requested_increase_amount"": 2500, ""user_id"": ""584f9c5d00""}",False,,
task_054:054_3,task_054,054_3,get_user_dispute_history_7291,unlock_discoverable_agent_tool,"{""agent_tool_name"": ""get_user_dispute_history_7291""}",True,,
task_054:054_4,task_054,054_4,get_user_dispute_history_7291,call_discoverable_agent_tool,"{""user_id"": ""584f9c5d00""}",True,,
task_054:054_5,task_054,054_5,get_pending_replacement_orders_5765,unlock_discoverable_agent_tool,"{""agent_tool_name"": ""get_pending_replacement_orders_5765""}",False,,
task_054:054_6,task_054,054_6,get_pending_replacement_orders_5765,call_discoverable_agent_tool,"{""credit_card_account_id"": ""cc_584f9c5d00_gold""}",False,,
task_054:054_7,task_054,054_7,get_credit_limit_increase_history_4829,unlock_discoverable_agent_tool,"{""agent_tool_name"": ""get_credit_limit_increase_history_4829""}",False,,
task_054:054_8,task_054,054_8,get_credit_limit_increase_history_4829,call_discoverable_agent_tool,"{""credit_card_account_id"": ""cc_584f9c5d00_gold""}",False,,
task_054:054_9,task_054,054_9,get_payment_history_6183,unlock_discoverable_agent_tool,"{""agent_tool_name"": ""get_payment_history_6183""}",False,,
task_054:054_10,task_054,054_10,get_payment_history_6183,call_discoverable_agent_tool,"{""credit_card_account_id"": ""cc_584f9c5d00_gold"", ""months"": 3}",False,,
task_054:054_11,task_054,054_11,approve_credit_limit_increase_5847,unlock_discoverable_agent_tool,"{""agent_tool_name"": ""approve_credit_limit_increase_5847""}",False,,
task_054:054_12,task_054,054_12,approve_credit_limit_increase_5847,call_discoverable_agent_tool,"{""credit_card_account_id"": ""cc_584f9c5d00_gold"", ""new_credit_limit"": 7500, ""user_id"": ""584f9c5d00""}",False,,
task_054:054_13,task_054,054_13,order_replacement_credit_card_7291,unlock_discoverable_agent_tool,"{""agent_tool_name"": ""order_replacement_credit_card_7291""}",False,,
task_054:054_14,task_054,054_14,order_replacement_credit_card_7291,call_discoverable_agent_tool,"{""credit_card_account_id"": ""cc_584f9c5d00_gold"", ""expedited_shipping"": true, ""reason"": ""fraud_suspected"", ""shipping_address"": ""1456 Astoria Boulevard, Queens, NY 11102"", ""user_id"": ""584f9c5d00""}",False,,
task_054:054_15,task_054,054_15,file_credit_card_transaction_dispute_4829,unlock_discoverable_agent_tool,"{""agent_tool_name"": ""file_credit_card_transaction_dispute_4829""}",True,,
task_054:054_16,task_054,054_16,file_credit_card_transaction_dispute_4829,call_discoverable_agent_tool,"{""address"": ""1456 Astoria Boulevard, Queens, NY 11102"", ""card_action"": ""cancel_and_reissue"", ""card_last_4_digits"": ""7823"", ""contacted_merchant"": false, ""dispute_reason"": ""unauthorized_fraudulent_charge"", ""eligible_for_provisional_credit"": true, ""email"": ""sofia.p@outlook.com"", ""full_name"": ""Sofia Papadopoulos"", ""issue_noticed_date"": ""11/12/2025"", ""phone"": ""347-555-0387"", ""purchase_date"": ""11/11/2025"", ""resolution_requested"": ""full_refund"", ""transaction_id"": ""txn_584f9c5d00_001"", ""user_id"": ""584f9c5d00""}",True,,
task_055:055_0,task_055,055_0,log_verification,log_verification,"{""address"": ""3421 Sakura Avenue, Portland, OR 97205"", ""date_of_birth"": ""05/12/1991"", ""email"": ""yuki.nakamura@simba.com"", ""name"": ""Yuki Nakamura"", ""phone_number"": ""503-555-0842"", ""time_verified"": ""2025-11-14 03:40:00 EST"", ""user_id"": ""224959b99e""}",False,,
task_055:055_1,task_055,055_1,get_all_user_accounts_by_user_id_3847,unlock_discoverable_agent_tool,"{""agent_tool_name"": ""get_all_user_accounts_by_user_id_3847""}",False,,
task_055:055_2,task_055,055_2,get_all_user_accounts_by_user_id_3847,call_discoverable_agent_tool,"{""user_id"": ""224959b99e""}",False,,
task_055:055_3,task_055,055_3,open_bank_account_4821,unlock_discoverable_agent_tool,"{""agent_tool_name"": ""open_bank_account_4821""}",False,,
task_055:055_4,task_055,055_4,open_bank_account_4821,call_discoverable_agent_tool,"{""account_class"": ""Purple Account"", ""account_type"": ""checking"", ""user_id"": ""224959b99e""}",False,,
task_055:055_5,task_055,055_5,open_bank_account_4821,call_discoverable_agent_tool,"{""account_class"": ""Silver Plus Account"", ""account_type"": ""savings"", ""user_id"": ""224959b99e""}",False,,
task_055:055_6,task_055,055_6,give_discoverable_user_tool,give_discoverable_user_tool,"{""discoverable_tool_name"": ""deposit_check_3847""}",False,,
task_055:055_7,task_055,055_7,call_discoverable_user_tool,call_discoverable_user_tool,"{""account_id"": ""7e48bf3b0589cfad"", ""check_amount"": 1500}",False,,
task_056:056_0,task_056,056_0,log_verification,log_verification,"{""address"": ""4521 Saguaro Drive, Mesa, AZ 85201"", ""date_of_birth"": ""03/18/1986"", ""email"": ""roberto.delgado@delgadolandscaping.com"", ""name"": ""Roberto Delgado"", ""phone_number"": ""480-555-0634"", ""time_verified"": ""2025-11-14 03:40:00 EST"", ""user_id"": ""b5e8f2a1c9""}",False,,
task_056:056_1,task_056,056_1,get_all_user_accounts_by_user_id_3847,unlock_discoverable_agent_tool,"{""agent_tool_name"": ""get_all_user_accounts_by_user_id_3847""}",False,,
task_056:056_2,task_056,056_2,get_all_user_accounts_by_user_id_3847,call_discoverable_agent_tool,"{""user_id"": ""b5e8f2a1c9""}",False,,
task_056:056_3,task_056,056_3,open_bank_account_4821,unlock_discoverable_agent_tool,"{""agent_tool_name"": ""open_bank_account_4821""}",False,,
task_056:056_4,task_056,056_4,open_bank_account_4821,call_discoverable_agent_tool,"{""account_class"": ""Cobalt Blue"", ""account_type"": ""business_checking"", ""user_id"": ""b5e8f2a1c9""}",False,,
task_056:056_5,task_056,056_5,open_bank_account_4821,call_discoverable_agent_tool,"{""account_class"": ""Silver Plus Saver Account"", ""account_type"": ""business_savings"", ""user_id"": ""b5e8f2a1c9""}",False,,
task_056:056_6,task_056,056_6,transfer_funds_between_bank_accounts_7291,unlock_discoverable_agent_tool,"{""agent_tool_name"": ""transfer_funds_between_bank_accounts_7291""}",False,,
task_056:056_7,task_056,056_7,transfer_funds_between_bank_accounts_7291,call_discoverable_agent_tool,"{""amount"": 3200, ""destination_account_id"": ""c1b48f17bb35e876"", ""source_account_id"": ""biz_chk_b5e8f2a1c9""}",False,,
task_057:057_0,task_057,057_0,log_verification,log_verification,"{""address"": ""2847 Riverside Drive, Austin, TX 78704"", ""date_of_birth"": ""06/15/1994"", ""email"": ""marcus.thompson@gmail.com"", ""name"": ""Marcus Thompson"", ""phone_number"": ""512-555-0293"", ""time_verified"": ""2025-11-14 03:40:00 EST"", ""user_id"": ""a8c4e2f7b3""}",False,,
task_057:057_1,task_057,057_1,get_all_user_accounts_by_user_id_3847,unlock_discoverable_agent_tool,"{""agent_tool_name"": ""get_all_user_accounts_by_user_id_3847""}",False,,
task_057:057_2,task_057,057_2,get_all_user_accounts_by_user_id_3847,call_discoverable_agent_tool,"{""user_id"": ""a8c4e2f7b3""}",False,,
task_057:057_3,task_057,057_3,open_bank_account_4821,unlock_discoverable_agent_tool,"{""agent_tool_name"": ""open_bank_account_4821""}",False,,
task_057:057_4,task_057,057_4,open_bank_account_4821,call_discoverable_agent_tool,"{""account_class"": ""Blue Account"", ""account_type"": ""checking"", ""user_id"": ""a8c4e2f7b3""}",False,,
task_057:057_5,task_057,057_5,give_discoverable_user_tool,give_discoverable_user_tool,"{""discoverable_tool_name"": ""deposit_check_3847""}",False,,
task_057:057_6,task_057,057_6,call_discoverable_user_tool,call_discoverable_user_tool,"{""account_id"": ""ac554054181e71ad"", ""check_amount"": 2000}",False,,
task_058:058_0,task_058,058_0,log_verification,log_verification,"{""address"": ""2156 Hawthorne Boulevard, Portland, OR 97214"", ""date_of_birth"": ""09/12/1993"", ""email"": ""taylor.brooks@gmail.com"", ""name"": ""Taylor Brooks"", ""phone_number"": ""503-555-0847"", ""time_verified"": ""2025-11-14 03:40:00 EST"", ""user_id"": ""tb58a3c9d2""}",False,,
task_058:058_1,task_058,058_1,apply_for_credit_card,apply_for_credit_card,"{""annual_income"": 85000, ""card_type"": ""EcoCard"", ""customer_name"": ""Taylor Brooks"", ""rho_bank_subscription"": false}",False,,
task_058:058_3,task_058,058_3,open_bank_account_4821,unlock_discoverable_agent_tool,"{""agent_tool_name"": ""open_bank_account_4821""}",False,,
task_058:058_4,task_058,058_4,open_bank_account_4821,call_discoverable_agent_tool,"{""account_class"": ""Silver Account"", ""account_type"": ""savings"", ""user_id"": ""tb58a3c9d2""}",False,,
task_059:059_0,task_059,059_0,log_verification,log_verification,"{""address"": ""4521 South Congress Ave, Austin, TX 78745"", ""date_of_birth"": ""03/22/1997"", ""email"": ""casey.rivera@gmail.com"", ""name"": ""Casey Rivera"", ""phone_number"": ""512-555-0293"", ""time_verified"": ""2025-11-14 03:40:00 EST"", ""user_id"": ""cr59b4d8e3""}",False,,
task_059:059_1a,task_059,059_1a,get_all_user_accounts_by_user_id_3847,unlock_discoverable_agent_tool,"{""agent_tool_name"": ""get_all_user_accounts_by_user_id_3847""}",False,,
task_059:059_1b,task_059,059_1b,get_all_user_accounts_by_user_id_3847,call_discoverable_agent_tool,"{""user_id"": ""cr59b4d8e3""}",False,,
task_059:059_2,task_059,059_2,apply_for_credit_card,apply_for_credit_card,"{""annual_income"": 55000, ""card_type"": ""Silver Rewards Card"", ""customer_name"": ""Casey Rivera"", ""rho_bank_subscription"": false}",False,,
task_059:059_3,task_059,059_3,open_bank_account_4821,unlock_discoverable_agent_tool,"{""agent_tool_name"": ""open_bank_account_4821""}",False,,
task_059:059_4,task_059,059_4,open_bank_account_4821,call_discoverable_agent_tool,"{""account_class"": ""Green Account"", ""account_type"": ""savings"", ""user_id"": ""cr59b4d8e3""}",False,,
task_060:060_0,task_060,060_0,log_verification,log_verification,"{""address"": ""4521 Mountain View Drive, Denver, CO 80202"", ""date_of_birth"": ""08/22/1989"", ""email"": ""jordan.mitchell@outlook.com"", ""name"": ""Jordan Mitchell"", ""phone_number"": ""303-555-0847"", ""time_verified"": ""2025-11-14 03:40:00 EST"", ""user_id"": ""jm60a8b9c2""}",False,,
task_060:060_1,task_060,060_1,get_all_user_accounts_by_user_id_3847,unlock_discoverable_agent_tool,"{""agent_tool_name"": ""get_all_user_accounts_by_user_id_3847""}",False,,
task_060:060_2,task_060,060_2,get_all_user_accounts_by_user_id_3847,call_discoverable_agent_tool,"{""user_id"": ""jm60a8b9c2""}",False,,
task_060:060_3,task_060,060_3,open_bank_account_4821,unlock_discoverable_agent_tool,"{""agent_tool_name"": ""open_bank_account_4821""}",False,,
task_060:060_4,task_060,060_4,open_bank_account_4821,call_discoverable_agent_tool,"{""account_class"": ""Silver Plus Account"", ""account_type"": ""savings"", ""user_id"": ""jm60a8b9c2""}",False,,
task_060:060_5,task_060,060_5,close_bank_account_7392,unlock_discoverable_agent_tool,"{""agent_tool_name"": ""close_bank_account_7392""}",False,,
task_060:060_6,task_060,060_6,close_bank_account_7392,call_discoverable_agent_tool,"{""account_id"": ""58d57780cc15e32d""}",False,,
task_061:061_0,task_061,061_0,log_verification,log_verification,"{""address"": ""7832 Aspen Ridge Lane, Denver, CO 80210"", ""date_of_birth"": ""04/18/1990"", ""email"": ""morgan.mitchell@gmail.com"", ""name"": ""Morgan Mitchell"", ""phone_number"": ""303-555-0912"", ""time_verified"": ""2025-11-14 03:40:00 EST"", ""user_id"": ""mm61b4c8d3""}",False,,
task_061:061_1,task_061,061_1,get_all_user_accounts_by_user_id_3847,unlock_discoverable_agent_tool,"{""agent_tool_name"": ""get_all_user_accounts_by_user_id_3847""}",False,,
task_061:061_2,task_061,061_2,get_all_user_accounts_by_user_id_3847,call_discoverable_agent_tool,"{""user_id"": ""mm61b4c8d3""}",False,,
task_061:061_3,task_061,061_3,open_bank_account_4821,unlock_discoverable_agent_tool,"{""agent_tool_name"": ""open_bank_account_4821""}",False,,
task_061:061_4,task_061,061_4,open_bank_account_4821,call_discoverable_agent_tool,"{""account_class"": ""Silver Plus Account"", ""account_type"": ""savings"", ""user_id"": ""mm61b4c8d3""}",False,,
task_061:061_5,task_061,061_5,give_discoverable_user_tool,give_discoverable_user_tool,"{""discoverable_tool_name"": ""deposit_check_3847""}",False,,
task_061:061_6,task_061,061_6,call_discoverable_user_tool,call_discoverable_user_tool,"{""account_id"": ""61d4e5f6a7b8c901"", ""check_amount"": 25}",False,,
task_061:061_7,task_061,061_7,close_bank_account_7392,unlock_discoverable_agent_tool,"{""agent_tool_name"": ""close_bank_account_7392""}",False,,
task_061:061_8,task_061,061_8,close_bank_account_7392,call_discoverable_agent_tool,"{""account_id"": ""61d4e5f6a7b8c901""}",False,,
task_062:062_0,task_062,062_0,log_verification,log_verification,"{""address"": ""4521 Pine Street, Seattle, WA 98101"", ""date_of_birth"": ""03/15/1988"", ""email"": ""jordan.chen@consulting.io"", ""name"": ""Jordan Chen"", ""phone_number"": ""206-555-0847"", ""time_verified"": ""2025-11-14 03:40:00 EST"", ""user_id"": ""jc61f7a8d2""}",False,,
task_062:062_1,task_062,062_1,get_all_user_accounts_by_user_id_3847,unlock_discoverable_agent_tool,"{""agent_tool_name"": ""get_all_user_accounts_by_user_id_3847""}",False,,
task_062:062_2,task_062,062_2,get_all_user_accounts_by_user_id_3847,call_discoverable_agent_tool,"{""user_id"": ""jc61f7a8d2""}",False,,
task_062:062_3,task_062,062_3,open_bank_account_4821,unlock_discoverable_agent_tool,"{""agent_tool_name"": ""open_bank_account_4821""}",False,,
task_062:062_4,task_062,062_4,open_bank_account_4821,call_discoverable_agent_tool,"{""account_class"": ""Navy Blue"", ""account_type"": ""business_checking"", ""user_id"": ""jc61f7a8d2""}",False,,
task_062:062_5,task_062,062_5,open_bank_account_4821,call_discoverable_agent_tool,"{""account_class"": ""Silver Plus Account"", ""account_type"": ""savings"", ""user_id"": ""jc61f7a8d2""}",False,,
task_062:062_6,task_062,062_6,transfer_funds_between_bank_accounts_7291,unlock_discoverable_agent_tool,"{""agent_tool_name"": ""transfer_funds_between_bank_accounts_7291""}",False,,
task_062:062_7,task_062,062_7,transfer_funds_between_bank_accounts_7291,call_discoverable_agent_tool,"{""amount"": 150, ""destination_account_id"": ""354e3d677cba2b12"", ""source_account_id"": ""61c9d8e7f6a5b432""}",False,,
task_062:062_8,task_062,062_8,close_bank_account_7392,unlock_discoverable_agent_tool,"{""agent_tool_name"": ""close_bank_account_7392""}",False,,
task_062:062_9,task_062,062_9,close_bank_account_7392,call_discoverable_agent_tool,"{""account_id"": ""61c9d8e7f6a5b432""}",False,,
task_062:062_10,task_062,062_10,transfer_funds_between_bank_accounts_7291,call_discoverable_agent_tool,"{""amount"": 2500, ""destination_account_id"": ""354e3d677cba2b12"", ""source_account_id"": ""61a8b7c6d5e4f321""}",False,,
task_062:062_11,task_062,062_11,transfer_funds_between_bank_accounts_7291,call_discoverable_agent_tool,"{""amount"": 1000, ""destination_account_id"": ""e22d00f03a5d044e"", ""source_account_id"": ""61a8b7c6d5e4f321""}",False,,
task_062:062_12,task_062,062_12,close_bank_account_7392,call_discoverable_agent_tool,"{""account_id"": ""61a8b7c6d5e4f321""}",False,,
task_063:063_0,task_063,063_0,log_verification,log_verification,"{""address"": ""2156 Hawthorne Boulevard, Portland, OR 97214"", ""date_of_birth"": ""09/12/1993"", ""email"": ""taylor.brooks@gmail.com"", ""name"": ""Taylor Brooks"", ""phone_number"": ""503-555-0847"", ""time_verified"": ""2025-11-14 03:40:00 EST"", ""user_id"": ""tb58a3c9d2""}",False,,
task_063:063_1,task_063,063_1,apply_for_credit_card,apply_for_credit_card,"{""annual_income"": 85000, ""card_type"": ""Silver Rewards Card"", ""customer_name"": ""Taylor Brooks"", ""rho_bank_subscription"": false}",False,,
task_063:063_2,task_063,063_2,open_bank_account_4821,unlock_discoverable_agent_tool,"{""agent_tool_name"": ""open_bank_account_4821""}",False,,
task_063:063_3,task_063,063_3,open_bank_account_4821,call_discoverable_agent_tool,"{""account_class"": ""Silver Plus Account"", ""account_type"": ""savings"", ""user_id"": ""tb58a3c9d2""}",False,,
task_064:064_0,task_064,064_0,log_verification,log_verification,"{""address"": ""1847 Pearl Street, Denver, CO 80203"", ""date_of_birth"": ""05/22/1990"", ""email"": ""jordan.lee@gmail.com"", ""name"": ""Jordan Lee"", ""phone_number"": ""303-555-0472"", ""time_verified"": ""2025-11-14 03:40:00 EST"", ""user_id"": ""jl72b4e9d1""}",False,,
task_064:064_1,task_064,064_1,apply_for_credit_card,apply_for_credit_card,"{""annual_income"": 120000, ""card_type"": ""Gold Rewards Card"", ""customer_name"": ""Jordan Lee"", ""rho_bank_subscription"": true}",False,,
task_064:064_2,task_064,064_2,open_bank_account_4821,unlock_discoverable_agent_tool,"{""agent_tool_name"": ""open_bank_account_4821""}",False,,
task_064:064_3,task_064,064_3,open_bank_account_4821,call_discoverable_agent_tool,"{""account_class"": ""Gold Plus Account"", ""account_type"": ""savings"", ""user_id"": ""jl72b4e9d1""}",False,,
task_065:065_0,task_065,065_0,log_verification,log_verification,"{""address"": ""3847 Burnside Street, Portland, OR 97214"", ""date_of_birth"": ""07/19/1991"", ""email"": ""riley.parker@gmail.com"", ""name"": ""Riley Parker"", ""phone_number"": ""503-555-0293"", ""time_verified"": ""2025-11-14 03:40:00 EST"", ""user_id"": ""rp65a7b3c4""}",False,,
task_065:065_1,task_065,065_1,open_bank_account_4821,unlock_discoverable_agent_tool,"{""agent_tool_name"": ""open_bank_account_4821""}",False,,
task_065:065_2,task_065,065_2,open_bank_account_4821,call_discoverable_agent_tool,"{""account_class"": ""Green Account"", ""account_type"": ""savings"", ""user_id"": ""rp65a7b3c4""}",False,,
task_065:065_3,task_065,065_3,open_bank_account_4821,call_discoverable_agent_tool,"{""account_class"": ""Evergreen Account"", ""account_type"": ""checking"", ""user_id"": ""rp65a7b3c4""}",False,,
task_065:065_4,task_065,065_4,close_bank_account_7392,unlock_discoverable_agent_tool,"{""agent_tool_name"": ""close_bank_account_7392""}",False,,
task_065:065_5,task_065,065_5,close_bank_account_7392,call_discoverable_agent_tool,"{""account_id"": ""chk_rp65a7b3c4""}",False,,
task_066:066_0,task_066,066_0,log_verification,log_verification,"{""address"": ""3847 Burnside Street, Portland, OR 97214"", ""date_of_birth"": ""07/19/1991"", ""email"": ""riley.parker@gmail.com"", ""name"": ""Riley Parker"", ""phone_number"": ""503-555-0293"", ""time_verified"": ""2025-11-14 03:40:00 EST"", ""user_id"": ""rp65a7b3c4""}",False,,
task_066:066_1,task_066,066_1,get_all_user_accounts_by_user_id_3847,unlock_discoverable_agent_tool,"{""agent_tool_name"": ""get_all_user_accounts_by_user_id_3847""}",False,,
task_066:066_2,task_066,066_2,get_all_user_accounts_by_user_id_3847,call_discoverable_agent_tool,"{""user_id"": ""rp65a7b3c4""}",False,,
task_066:066_3,task_066,066_3,open_bank_account_4821,unlock_discoverable_agent_tool,"{""agent_tool_name"": ""open_bank_account_4821""}",False,,
task_066:066_4,task_066,066_4,open_bank_account_4821,call_discoverable_agent_tool,"{""account_class"": ""Green Account"", ""account_type"": ""savings"", ""user_id"": ""rp65a7b3c4""}",False,,
task_066:066_5,task_066,066_5,open_bank_account_4821,call_discoverable_agent_tool,"{""account_class"": ""Evergreen Account"", ""account_type"": ""checking"", ""user_id"": ""rp65a7b3c4""}",False,,
task_066:066_6,task_066,066_6,apply_for_credit_card,apply_for_credit_card,"{""annual_income"": 75000, ""card_type"": ""Silver Rewards Card"", ""customer_name"": ""Riley Parker"", ""rho_bank_subscription"": false}",False,,
task_066:066_7,task_066,066_7,close_bank_account_7392,unlock_discoverable_agent_tool,"{""agent_tool_name"": ""close_bank_account_7392""}",False,,
task_066:066_8,task_066,066_8,close_bank_account_7392,call_discoverable_agent_tool,"{""account_id"": ""chk_rp65a7b3c4""}",False,,
task_067:067_0,task_067,067_0,log_verification,log_verification,"{""address"": ""3847 Burnside Street, Portland, OR 97214"", ""date_of_birth"": ""07/19/1991"", ""email"": ""riley.parker@gmail.com"", ""name"": ""Riley Parker"", ""phone_number"": ""503-555-0293"", ""time_verified"": ""2025-11-14 03:40:00 EST"", ""user_id"": ""rp65a7b3c4""}",False,,
task_067:067_1,task_067,067_1,get_all_user_accounts_by_user_id_3847,unlock_discoverable_agent_tool,"{""agent_tool_name"": ""get_all_user_accounts_by_user_id_3847""}",False,,
task_067:067_2,task_067,067_2,get_all_user_accounts_by_user_id_3847,call_discoverable_agent_tool,"{""user_id"": ""rp65a7b3c4""}",False,,
task_067:067_3,task_067,067_3,open_bank_account_4821,unlock_discoverable_agent_tool,"{""agent_tool_name"": ""open_bank_account_4821""}",False,,
task_067:067_4,task_067,067_4,open_bank_account_4821,call_discoverable_agent_tool,"{""account_class"": ""Platinum Plus Account"", ""account_type"": ""savings"", ""user_id"": ""rp65a7b3c4""}",False,,
task_067:067_5,task_067,067_5,open_bank_account_4821,call_discoverable_agent_tool,"{""account_class"": ""Purple Account"", ""account_type"": ""checking"", ""user_id"": ""rp65a7b3c4""}",False,,
task_067:067_6,task_067,067_6,apply_for_credit_card,apply_for_credit_card,"{""annual_income"": 75000, ""card_type"": ""Platinum Rewards Card"", ""customer_name"": ""Riley Parker"", ""rho_bank_subscription"": false}",False,,
task_067:067_7,task_067,067_7,close_bank_account_7392,unlock_discoverable_agent_tool,"{""agent_tool_name"": ""close_bank_account_7392""}",False,,
task_067:067_8,task_067,067_8,close_bank_account_7392,call_discoverable_agent_tool,"{""account_id"": ""chk_rp65a7b3c4""}",False,,
task_068:068_0,task_068,068_0,log_verification,log_verification,"{""address"": ""3847 Burnside Street, Portland, OR 97214"", ""date_of_birth"": ""07/19/1991"", ""email"": ""riley.parker@gmail.com"", ""name"": ""Riley Parker"", ""phone_number"": ""503-555-0293"", ""time_verified"": ""2025-11-14 03:40:00 EST"", ""user_id"": ""rp65a7b3c4""}",False,,
task_068:068_1,task_068,068_1,open_bank_account_4821,unlock_discoverable_agent_tool,"{""agent_tool_name"": ""open_bank_account_4821""}",False,,
task_068:068_2,task_068,068_2,open_bank_account_4821,call_discoverable_agent_tool,"{""account_class"": ""Gold Account"", ""account_type"": ""savings"", ""user_id"": ""rp65a7b3c4""}",False,,
task_068:068_3,task_068,068_3,open_bank_account_4821,call_discoverable_agent_tool,"{""account_class"": ""Green Account"", ""account_type"": ""checking"", ""user_id"": ""rp65a7b3c4""}",False,,
task_068:068_4,task_068,068_4,apply_for_credit_card,apply_for_credit_card,"{""annual_income"": 75000, ""card_type"": ""Silver Rewards Card"", ""customer_name"": ""Riley Parker"", ""rho_bank_subscription"": false}",False,,
task_068:068_5,task_068,068_5,close_bank_account_7392,unlock_discoverable_agent_tool,"{""agent_tool_name"": ""close_bank_account_7392""}",False,,
task_068:068_6,task_068,068_6,close_bank_account_7392,call_discoverable_agent_tool,"{""account_id"": ""chk_rp65a7b3c4""}",False,,
task_069:069_0,task_069,069_0,log_verification,log_verification,"{""address"": ""3847 Burnside Street, Portland, OR 97214"", ""date_of_birth"": ""07/19/1991"", ""email"": ""riley.parker@gmail.com"", ""name"": ""Riley Parker"", ""phone_number"": ""503-555-0293"", ""time_verified"": ""2025-11-14 03:40:00 EST"", ""user_id"": ""rp65a7b3c4""}",False,,
task_069:069_1,task_069,069_1,open_bank_account_4821,unlock_discoverable_agent_tool,"{""agent_tool_name"": ""open_bank_account_4821""}",False,,
task_069:069_2,task_069,069_2,open_bank_account_4821,call_discoverable_agent_tool,"{""account_class"": ""Silver Plus Account"", ""account_type"": ""savings"", ""user_id"": ""rp65a7b3c4""}",False,,
task_069:069_3,task_069,069_3,open_bank_account_4821,call_discoverable_agent_tool,"{""account_class"": ""Blue Account"", ""account_type"": ""checking"", ""user_id"": ""rp65a7b3c4""}",False,,
task_069:069_4,task_069,069_4,apply_for_credit_card,apply_for_credit_card,"{""annual_income"": 75000, ""card_type"": ""Silver Rewards Card"", ""customer_name"": ""Riley Parker"", ""rho_bank_subscription"": false}",False,,
task_069:069_5,task_069,069_5,close_bank_account_7392,unlock_discoverable_agent_tool,"{""agent_tool_name"": ""close_bank_account_7392""}",False,,
task_069:069_6,task_069,069_6,close_bank_account_7392,call_discoverable_agent_tool,"{""account_id"": ""chk_rp65a7b3c4""}",False,,
task_070:070_0,task_070,070_0,log_verification,log_verification,"{""address"": ""3421 Sakura Avenue, Portland, OR 97205"", ""date_of_birth"": ""05/12/1991"", ""email"": ""yuki.nakamura@simba.com"", ""name"": ""Yuki Nakamura"", ""phone_number"": ""503-555-0842"", ""time_verified"": ""2025-11-14 03:40:00 EST"", ""user_id"": ""224959b99e""}",False,,
task_070:070_1,task_070,070_1,get_all_user_accounts_by_user_id_3847,unlock_discoverable_agent_tool,"{""agent_tool_name"": ""get_all_user_accounts_by_user_id_3847""}",False,,
task_070:070_2,task_070,070_2,get_all_user_accounts_by_user_id_3847,call_discoverable_agent_tool,"{""user_id"": ""224959b99e""}",False,,
task_070:070_3,task_070,070_3,open_bank_account_4821,unlock_discoverable_agent_tool,"{""agent_tool_name"": ""open_bank_account_4821""}",False,,
task_070:070_4,task_070,070_4,open_bank_account_4821,call_discoverable_agent_tool,"{""account_class"": ""Sky Blue"", ""account_type"": ""business_checking"", ""user_id"": ""224959b99e""}",False,,
task_071:071_0,task_071,071_0,log_verification,log_verification,"{""address"": ""2847 Willamette Street, Portland, OR 97202"", ""date_of_birth"": ""08/23/1990"", ""email"": ""yumi.tanaka@aurora.io"", ""name"": ""Yumi Tanaka"", ""phone_number"": ""503-555-0741"", ""time_verified"": ""2025-11-14 03:40:00 EST"", ""user_id"": ""yt71c9e4f2""}",False,,
task_071:071_1,task_071,071_1,get_all_user_accounts_by_user_id_3847,unlock_discoverable_agent_tool,"{""agent_tool_name"": ""get_all_user_accounts_by_user_id_3847""}",False,,
task_071:071_2,task_071,071_2,get_all_user_accounts_by_user_id_3847,call_discoverable_agent_tool,"{""user_id"": ""yt71c9e4f2""}",False,,
task_071:071_3,task_071,071_3,open_bank_account_4821,unlock_discoverable_agent_tool,"{""agent_tool_name"": ""open_bank_account_4821""}",False,,
task_071:071_4,task_071,071_4,open_bank_account_4821,call_discoverable_agent_tool,"{""account_class"": ""Sky Blue"", ""account_type"": ""business_checking"", ""user_id"": ""yt71c9e4f2""}",False,,
task_071:071_5,task_071,071_5,open_bank_account_4821,call_discoverable_agent_tool,"{""account_class"": ""Gold Saver Account"", ""account_type"": ""business_savings"", ""user_id"": ""yt71c9e4f2""}",False,,
task_072:072_0,task_072,072_0,log_verification,log_verification,"{""address"": ""1420 Lake Shore Drive, Chicago, IL 60610"", ""date_of_birth"": ""04/12/2002"", ""email"": ""jinhai.liang@techventures.com"", ""name"": ""Liang Jinhai"", ""phone_number"": ""312-555-0847"", ""time_verified"": ""2025-11-14 03:40:00 EST"", ""user_id"": ""lj82d4f1a9""}",False,,
task_072:072_1,task_072,072_1,get_all_user_accounts_by_user_id_3847,unlock_discoverable_agent_tool,"{""agent_tool_name"": ""get_all_user_accounts_by_user_id_3847""}",False,,
task_072:072_2,task_072,072_2,get_all_user_accounts_by_user_id_3847,call_discoverable_agent_tool,"{""user_id"": ""lj82d4f1a9""}",False,,
task_072:072_3,task_072,072_3,get_bank_account_transactions_9173,unlock_discoverable_agent_tool,"{""agent_tool_name"": ""get_bank_account_transactions_9173""}",False,,
task_072:072_4,task_072,072_4,get_bank_account_transactions_9173,call_discoverable_agent_tool,"{""account_id"": ""chk_lj82d4f1a9""}",False,,
task_072:072_5,task_072,072_5,get_bank_account_transactions_9173,call_discoverable_agent_tool,"{""account_id"": ""chk_538bfb9cba""}",False,,
task_072:072_6,task_072,072_6,apply_checking_account_credit_5829,unlock_discoverable_agent_tool,"{""agent_tool_name"": ""apply_checking_account_credit_5829""}",False,,
task_072:072_7,task_072,072_7,apply_checking_account_credit_5829,call_discoverable_agent_tool,"{""account_id"": ""chk_lj82d4f1a9"", ""amount"": 14.0, ""credit_type"": ""fee_refund""}",False,,
task_072:072_8,task_072,072_8,apply_checking_account_credit_5829,call_discoverable_agent_tool,"{""account_id"": ""chk_538bfb9cba"", ""amount"": 3.5, ""credit_type"": ""fee_refund""}",False,,
task_073:073_0,task_073,073_0,log_verification,log_verification,"{""address"": ""5847 Wilshire Boulevard, Los Angeles, CA 90036"", ""date_of_birth"": ""09/14/1994"", ""email"": ""junho.kim@gmail.com"", ""name"": ""Kim Junho"", ""phone_number"": ""213-555-0392"", ""time_verified"": ""2025-11-14 03:40:00 EST"", ""user_id"": ""kj93a7b2e1""}",False,,
task_073:073_1,task_073,073_1,get_all_user_accounts_by_user_id_3847,unlock_discoverable_agent_tool,"{""agent_tool_name"": ""get_all_user_accounts_by_user_id_3847""}",False,,
task_073:073_2,task_073,073_2,get_all_user_accounts_by_user_id_3847,call_discoverable_agent_tool,"{""user_id"": ""kj93a7b2e1""}",False,,
task_073:073_3,task_073,073_3,get_bank_account_transactions_9173,unlock_discoverable_agent_tool,"{""agent_tool_name"": ""get_bank_account_transactions_9173""}",False,,
task_073:073_4,task_073,073_4,get_bank_account_transactions_9173,call_discoverable_agent_tool,"{""account_id"": ""chk_kj93a7b2e1_1""}",False,,
task_073:073_5,task_073,073_5,get_bank_account_transactions_9173,call_discoverable_agent_tool,"{""account_id"": ""chk_kj93a7b2e1_2""}",False,,
task_073:073_6,task_073,073_6,get_bank_account_transactions_9173,call_discoverable_agent_tool,"{""account_id"": ""chk_kj93a7b2e1_3""}",False,,
task_073:073_7,task_073,073_7,apply_checking_account_credit_5829,unlock_discoverable_agent_tool,"{""agent_tool_name"": ""apply_checking_account_credit_5829""}",False,,
task_073:073_8,task_073,073_8,apply_checking_account_credit_5829,call_discoverable_agent_tool,"{""account_id"": ""chk_kj93a7b2e1_1"", ""amount"": 9.5, ""credit_type"": ""fee_refund""}",False,,
task_073:073_9,task_073,073_9,apply_checking_account_credit_5829,call_discoverable_agent_tool,"{""account_id"": ""chk_kj93a7b2e1_2"", ""amount"": 9.0, ""credit_type"": ""fee_refund""}",False,,
task_073:073_10,task_073,073_10,apply_checking_account_credit_5829,call_discoverable_agent_tool,"{""account_id"": ""chk_kj93a7b2e1_3"", ""amount"": 1.5, ""credit_type"": ""fee_refund""}",False,,
task_074:074_0,task_074,074_0,log_verification,log_verification,"{""address"": ""1245 Pioneer Road, Denver, CO 80203"", ""date_of_birth"": ""06/15/1989"", ""email"": ""ahmad.razali@gmail.com"", ""name"": ""Ahmad Razali bin Mohd Yusof"", ""phone_number"": ""303-555-0821"", ""time_verified"": ""2025-11-14 03:40:00 EST"", ""user_id"": ""ar72c5d8e3""}",False,,
task_074:074_1,task_074,074_1,get_all_user_accounts_by_user_id_3847,unlock_discoverable_agent_tool,"{""agent_tool_name"": ""get_all_user_accounts_by_user_id_3847""}",False,,
task_074:074_2,task_074,074_2,get_all_user_accounts_by_user_id_3847,call_discoverable_agent_tool,"{""user_id"": ""ar72c5d8e3""}",False,,
task_074:074_3,task_074,074_3,get_bank_account_transactions_9173,unlock_discoverable_agent_tool,"{""agent_tool_name"": ""get_bank_account_transactions_9173""}",False,,
task_074:074_4,task_074,074_4,get_bank_account_transactions_9173,call_discoverable_agent_tool,"{""account_id"": ""chk_ar72c5d8e3_1""}",False,,
task_074:074_5,task_074,074_5,get_bank_account_transactions_9173,call_discoverable_agent_tool,"{""account_id"": ""chk_ar72c5d8e3_2""}",False,,
task_074:074_6,task_074,074_6,get_bank_account_transactions_9173,call_discoverable_agent_tool,"{""account_id"": ""chk_ar72c5d8e3_3""}",False,,
task_074:074_7,task_074,074_7,get_bank_account_transactions_9173,call_discoverable_agent_tool,"{""account_id"": ""chk_ar72c5d8e3_4""}",False,,
task_074:074_8,task_074,074_8,apply_checking_account_credit_5829,unlock_discoverable_agent_tool,"{""agent_tool_name"": ""apply_checking_account_credit_5829""}",False,,
task_074:074_9,task_074,074_9,apply_checking_account_credit_5829,call_discoverable_agent_tool,"{""account_id"": ""chk_ar72c5d8e3_1"", ""amount"": 27.0, ""credit_type"": ""fee_refund""}",False,,
task_074:074_10,task_074,074_10,apply_checking_account_credit_5829,call_discoverable_agent_tool,"{""account_id"": ""chk_ar72c5d8e3_2"", ""amount"": 14.5, ""credit_type"": ""fee_refund""}",False,,
task_074:074_11,task_074,074_11,apply_checking_account_credit_5829,call_discoverable_agent_tool,"{""account_id"": ""chk_ar72c5d8e3_3"", ""amount"": 4.75, ""credit_type"": ""fee_refund""}",False,,
task_074:074_12,task_074,074_12,apply_checking_account_credit_5829,call_discoverable_agent_tool,"{""account_id"": ""chk_ar72c5d8e3_4"", ""amount"": 3.7, ""credit_type"": ""fee_refund""}",False,,
task_075:075_0,task_075,075_0,log_verification,log_verification,"{""address"": ""2847 South Lamar Boulevard, Austin, TX 78704"", ""date_of_birth"": ""08/22/1993"", ""email"": ""marco.vitiello@gmail.com"", ""name"": ""Marco Vitiello"", ""phone_number"": ""512-555-0847"", ""time_verified"": ""2025-11-14 03:40:00 EST"", ""user_id"": ""mv93f8a7b2""}",False,,
task_075:075_1,task_075,075_1,open_bank_account_4821,unlock_discoverable_agent_tool,"{""agent_tool_name"": ""open_bank_account_4821""}",False,,
task_075:075_2,task_075,075_2,open_bank_account_4821,call_discoverable_agent_tool,"{""account_class"": ""Green Fee-Free Account"", ""account_type"": ""checking"", ""user_id"": ""mv93f8a7b2""}",False,,
task_076:076_0,task_076,076_0,log_verification,log_verification,"{""address"": ""1847 Pacific Heights Avenue, San Francisco, CA 94115"", ""date_of_birth"": ""03/14/1996"", ""email"": ""anastasia.volkov@globaltech.com"", ""name"": ""Anastasia Volkov"", ""phone_number"": ""415-555-2983"", ""time_verified"": ""2025-11-14 03:40:00 EST"", ""user_id"": ""av96d4e7f1""}",False,,
task_076:076_1,task_076,076_1,open_bank_account_4821,unlock_discoverable_agent_tool,"{""agent_tool_name"": ""open_bank_account_4821""}",False,,
task_076:076_2,task_076,076_2,open_bank_account_4821,call_discoverable_agent_tool,"{""account_class"": ""Purple Account"", ""account_type"": ""checking"", ""user_id"": ""av96d4e7f1""}",False,,
task_077:077_0,task_077,077_0,log_verification,log_verification,"{""address"": ""1420 Lake Shore Drive, Chicago, IL 60610"", ""date_of_birth"": ""04/12/2002"", ""email"": ""jinhai.liang@techventures.com"", ""name"": ""Liang Jinhai"", ""phone_number"": ""312-555-0847"", ""time_verified"": ""2025-11-14 03:40:00 EST"", ""user_id"": ""lj82d4f1a9""}",False,,
task_077:077_1,task_077,077_1,get_all_user_accounts_by_user_id_3847,unlock_discoverable_agent_tool,"{""agent_tool_name"": ""get_all_user_accounts_by_user_id_3847""}",False,,
task_077:077_1a,task_077,077_1a,get_all_user_accounts_by_user_id_3847,call_discoverable_agent_tool,"{""user_id"": ""lj82d4f1a9""}",False,,
task_077:077_1b,task_077,077_1b,get_debit_cards_by_account_id_7823,unlock_discoverable_agent_tool,"{""agent_tool_name"": ""get_debit_cards_by_account_id_7823""}",False,,
task_077:077_1c,task_077,077_1c,get_debit_cards_by_account_id_7823,call_discoverable_agent_tool,"{""account_id"": ""chk_lj82d4f1a9""}",False,,
task_077:077_1d,task_077,077_1d,get_debit_cards_by_account_id_7823,call_discoverable_agent_tool,"{""account_id"": ""chk_538bfb9cba""}",False,,
task_077:077_2,task_077,077_2,freeze_debit_card_3892,unlock_discoverable_agent_tool,"{""agent_tool_name"": ""freeze_debit_card_3892""}",False,,
task_077:077_3,task_077,077_3,freeze_debit_card_3892,call_discoverable_agent_tool,"{""card_id"": ""dbc_lj82d4f1a9_bluest""}",False,,
task_077:077_4,task_077,077_4,freeze_debit_card_3892,call_discoverable_agent_tool,"{""card_id"": ""dbc_538bfb9cba""}",False,,
task_077:077_4b,task_077,077_4b,get_credit_card_accounts_by_user,get_credit_card_accounts_by_user,"{""user_id"": ""lj82d4f1a9""}",False,,
task_077:077_5,task_077,077_5,order_replacement_credit_card_7291,unlock_discoverable_agent_tool,"{""agent_tool_name"": ""order_replacement_credit_card_7291""}",False,,
task_077:077_6,task_077,077_6,order_replacement_credit_card_7291,call_discoverable_agent_tool,"{""credit_card_account_id"": ""cc_lj82d4f1a9_silver"", ""reason"": ""lost"", ""shipping_address"": ""1420 Lake Shore Drive, Chicago, IL 60610"", ""user_id"": ""lj82d4f1a9""}",False,,
task_077:077_7,task_077,077_7,get_bank_account_transactions_9173,unlock_discoverable_agent_tool,"{""agent_tool_name"": ""get_bank_account_transactions_9173""}",False,,
task_077:077_8,task_077,077_8,get_bank_account_transactions_9173,call_discoverable_agent_tool,"{""account_id"": ""chk_lj82d4f1a9""}",False,,
task_077:077_9,task_077,077_9,get_bank_account_transactions_9173,call_discoverable_agent_tool,"{""account_id"": ""chk_538bfb9cba""}",False,,
task_077:077_9b,task_077,077_9b,unfreeze_debit_card_3893,unlock_discoverable_agent_tool,"{""agent_tool_name"": ""unfreeze_debit_card_3893""}",False,,
task_077:077_9c,task_077,077_9c,unfreeze_debit_card_3893,call_discoverable_agent_tool,"{""card_id"": ""dbc_lj82d4f1a9_bluest""}",False,,
task_077:077_9d,task_077,077_9d,unfreeze_debit_card_3893,call_discoverable_agent_tool,"{""card_id"": ""dbc_538bfb9cba""}",False,,
task_077:077_10,task_077,077_10,close_debit_card_4721,unlock_discoverable_agent_tool,"{""agent_tool_name"": ""close_debit_card_4721""}",False,,
task_077:077_11,task_077,077_11,close_debit_card_4721,call_discoverable_agent_tool,"{""card_id"": ""dbc_lj82d4f1a9_bluest"", ""reason"": ""lost""}",False,,
task_077:077_12,task_077,077_12,close_debit_card_4721,call_discoverable_agent_tool,"{""card_id"": ""dbc_538bfb9cba"", ""reason"": ""lost""}",False,,
task_077:077_13,task_077,077_13,order_debit_card_5739,unlock_discoverable_agent_tool,"{""agent_tool_name"": ""order_debit_card_5739""}",False,,
task_077:077_14,task_077,077_14,order_debit_card_5739,call_discoverable_agent_tool,"{""account_id"": ""chk_lj82d4f1a9"", ""card_design"": ""PREMIUM"", ""delivery_fee"": 0, ""delivery_option"": ""RUSH"", ""design_fee"": 0, ""shipping_address"": ""1420 Lake Shore Drive, Chicago, IL 60610"", ""user_id"": ""lj82d4f1a9""}",False,,
task_077:077_15,task_077,077_15,activate_debit_card_8292,unlock_discoverable_agent_tool,"{""agent_tool_name"": ""activate_debit_card_8292""}",False,,
task_077:077_16,task_077,077_16,activate_debit_card_8292,call_discoverable_agent_tool,"{""card_id"": ""dbc_8eed7b16caeb"", ""cvv"": ""741"", ""expiration_date"": ""11/29"", ""last_4_digits"": ""7260"", ""pin"": ""5739""}",False,,
task_078:078_0,task_078,078_0,log_verification,log_verification,"{""address"": ""3245 Sunset Boulevard, San Diego, CA 92103"", ""date_of_birth"": ""07/18/1991"", ""email"": ""meiling.chen@outlook.com"", ""name"": ""Mei-Lin Chen"", ""phone_number"": ""619-555-0284"", ""time_verified"": ""2025-11-14 03:40:00 EST"", ""user_id"": ""mc78a5b9d2""}",False,,
task_078:078_1,task_078,078_1,get_all_user_accounts_by_user_id_3847,unlock_discoverable_agent_tool,"{""agent_tool_name"": ""get_all_user_accounts_by_user_id_3847""}",False,,
task_078:078_1a,task_078,078_1a,get_all_user_accounts_by_user_id_3847,call_discoverable_agent_tool,"{""user_id"": ""mc78a5b9d2""}",False,,
task_078:078_2,task_078,078_2,freeze_debit_card_3892,unlock_discoverable_agent_tool,"{""agent_tool_name"": ""freeze_debit_card_3892""}",False,,
task_078:078_3,task_078,078_3,freeze_debit_card_3892,call_discoverable_agent_tool,"{""card_id"": ""dbc_mc78a5b9d2_lb""}",False,,
task_078:078_4,task_078,078_4,freeze_debit_card_3892,call_discoverable_agent_tool,"{""card_id"": ""dbc_mc78a5b9d2_green""}",False,,
task_078:078_5,task_078,078_5,freeze_debit_card_3892,call_discoverable_agent_tool,"{""card_id"": ""dbc_mc78a5b9d2_lg""}",False,,
task_078:078_5b,task_078,078_5b,get_credit_card_accounts_by_user,get_credit_card_accounts_by_user,"{""user_id"": ""mc78a5b9d2""}",False,,
task_078:078_6,task_078,078_6,get_bank_account_transactions_9173,unlock_discoverable_agent_tool,"{""agent_tool_name"": ""get_bank_account_transactions_9173""}",False,,
task_078:078_7,task_078,078_7,get_bank_account_transactions_9173,call_discoverable_agent_tool,"{""account_id"": ""chk_mc78a5b9d2_1""}",False,,
task_078:078_8,task_078,078_8,get_bank_account_transactions_9173,call_discoverable_agent_tool,"{""account_id"": ""chk_mc78a5b9d2_2""}",False,,
task_078:078_9,task_078,078_9,get_bank_account_transactions_9173,call_discoverable_agent_tool,"{""account_id"": ""chk_mc78a5b9d2_3""}",False,,
task_078:078_9b,task_078,078_9b,unfreeze_debit_card_3893,unlock_discoverable_agent_tool,"{""agent_tool_name"": ""unfreeze_debit_card_3893""}",False,,
task_078:078_9c,task_078,078_9c,unfreeze_debit_card_3893,call_discoverable_agent_tool,"{""card_id"": ""dbc_mc78a5b9d2_lb""}",False,,
task_078:078_9d,task_078,078_9d,unfreeze_debit_card_3893,call_discoverable_agent_tool,"{""card_id"": ""dbc_mc78a5b9d2_green""}",False,,
task_078:078_10,task_078,078_10,close_debit_card_4721,unlock_discoverable_agent_tool,"{""agent_tool_name"": ""close_debit_card_4721""}",False,,
task_078:078_11,task_078,078_11,close_debit_card_4721,call_discoverable_agent_tool,"{""card_id"": ""dbc_mc78a5b9d2_lb"", ""reason"": ""lost""}",False,,
task_078:078_12,task_078,078_12,close_debit_card_4721,call_discoverable_agent_tool,"{""card_id"": ""dbc_mc78a5b9d2_green"", ""reason"": ""lost""}",False,,
task_078:078_13,task_078,078_13,get_debit_cards_by_account_id_7823,unlock_discoverable_agent_tool,"{""agent_tool_name"": ""get_debit_cards_by_account_id_7823""}",False,,
task_078:078_14,task_078,078_14,get_debit_cards_by_account_id_7823,call_discoverable_agent_tool,"{""account_id"": ""chk_mc78a5b9d2_1""}",False,,
task_078:078_15,task_078,078_15,order_debit_card_5739,unlock_discoverable_agent_tool,"{""agent_tool_name"": ""order_debit_card_5739""}",False,,
task_078:078_16,task_078,078_16,order_debit_card_5739,call_discoverable_agent_tool,"{""account_id"": ""chk_mc78a5b9d2_2"", ""card_design"": ""CLASSIC"", ""delivery_fee"": 15, ""delivery_option"": ""EXPEDITED"", ""design_fee"": 0, ""shipping_address"": ""3245 Sunset Boulevard, San Diego, CA 92103"", ""user_id"": ""mc78a5b9d2""}",False,,
task_079:079_0,task_079,079_0,log_verification,log_verification,"{""address"": ""4521 West 6th Street, Austin, TX 78703"", ""date_of_birth"": ""03/22/1988"", ""email"": ""carlos.rodriguez@gmail.com"", ""name"": ""Carlos Rodriguez"", ""phone_number"": ""512-555-0193"", ""time_verified"": ""2025-11-14 03:40:00 EST"", ""user_id"": ""cr89a2b3c4""}",False,,
task_079:079_1,task_079,079_1,get_all_user_accounts_by_user_id_3847,unlock_discoverable_agent_tool,"{""agent_tool_name"": ""get_all_user_accounts_by_user_id_3847""}",False,,
task_079:079_1a,task_079,079_1a,get_all_user_accounts_by_user_id_3847,call_discoverable_agent_tool,"{""user_id"": ""cr89a2b3c4""}",False,,
task_079:079_2,task_079,079_2,freeze_debit_card_3892,unlock_discoverable_agent_tool,"{""agent_tool_name"": ""freeze_debit_card_3892""}",False,,
task_079:079_3,task_079,079_3,freeze_debit_card_3892,call_discoverable_agent_tool,"{""card_id"": ""dbc_cr89a2b3c4_ev""}",False,,
task_079:079_4,task_079,079_4,freeze_debit_card_3892,call_discoverable_agent_tool,"{""card_id"": ""dbc_cr89a2b3c4_lb""}",False,,
task_079:079_5,task_079,079_5,freeze_debit_card_3892,call_discoverable_agent_tool,"{""card_id"": ""dbc_cr89a2b3c4_green""}",False,,
task_079:079_5b,task_079,079_5b,get_credit_card_accounts_by_user,get_credit_card_accounts_by_user,"{""user_id"": ""cr89a2b3c4""}",False,,
task_079:079_6,task_079,079_6,get_bank_account_transactions_9173,unlock_discoverable_agent_tool,"{""agent_tool_name"": ""get_bank_account_transactions_9173""}",False,,
task_079:079_7,task_079,079_7,get_bank_account_transactions_9173,call_discoverable_agent_tool,"{""account_id"": ""chk_cr89a2b3c4_1""}",False,,
task_079:079_8,task_079,079_8,get_bank_account_transactions_9173,call_discoverable_agent_tool,"{""account_id"": ""chk_cr89a2b3c4_2""}",False,,
task_079:079_9,task_079,079_9,get_bank_account_transactions_9173,call_discoverable_agent_tool,"{""account_id"": ""chk_cr89a2b3c4_3""}",False,,
task_079:079_9b,task_079,079_9b,unfreeze_debit_card_3893,unlock_discoverable_agent_tool,"{""agent_tool_name"": ""unfreeze_debit_card_3893""}",False,,
task_079:079_9c,task_079,079_9c,unfreeze_debit_card_3893,call_discoverable_agent_tool,"{""card_id"": ""dbc_cr89a2b3c4_ev""}",False,,
task_079:079_9d,task_079,079_9d,unfreeze_debit_card_3893,call_discoverable_agent_tool,"{""card_id"": ""dbc_cr89a2b3c4_lb""}",False,,
task_079:079_9e,task_079,079_9e,unfreeze_debit_card_3893,call_discoverable_agent_tool,"{""card_id"": ""dbc_cr89a2b3c4_green""}",False,,
task_079:079_10,task_079,079_10,close_debit_card_4721,unlock_discoverable_agent_tool,"{""agent_tool_name"": ""close_debit_card_4721""}",False,,
task_079:079_11,task_079,079_11,close_debit_card_4721,call_discoverable_agent_tool,"{""card_id"": ""dbc_cr89a2b3c4_ev"", ""reason"": ""stolen""}",False,,
task_079:079_12,task_079,079_12,close_debit_card_4721,call_discoverable_agent_tool,"{""card_id"": ""dbc_cr89a2b3c4_lb"", ""reason"": ""stolen""}",False,,
task_079:079_13,task_079,079_13,close_debit_card_4721,call_discoverable_agent_tool,"{""card_id"": ""dbc_cr89a2b3c4_green"", ""reason"": ""stolen""}",False,,
task_079:079_14,task_079,079_14,get_debit_cards_by_account_id_7823,unlock_discoverable_agent_tool,"{""agent_tool_name"": ""get_debit_cards_by_account_id_7823""}",False,,
task_079:079_15,task_079,079_15,get_debit_cards_by_account_id_7823,call_discoverable_agent_tool,"{""account_id"": ""chk_cr89a2b3c4_2""}",False,,
task_079:079_16,task_079,079_16,order_debit_card_5739,unlock_discoverable_agent_tool,"{""agent_tool_name"": ""order_debit_card_5739""}",False,,
task_079:079_17,task_079,079_17,order_debit_card_5739,call_discoverable_agent_tool,"{""account_id"": ""chk_cr89a2b3c4_1"", ""card_design"": ""PREMIUM"", ""delivery_fee"": 35, ""delivery_option"": ""RUSH"", ""design_fee"": 0, ""shipping_address"": ""4521 West 6th Street, Austin, TX 78703"", ""user_id"": ""cr89a2b3c4""}",False,,
task_079:079_18,task_079,079_18,order_debit_card_5739,call_discoverable_agent_tool,"{""account_id"": ""chk_cr89a2b3c4_3"", ""card_design"": ""CLASSIC"", ""delivery_fee"": 0, ""delivery_option"": ""STANDARD"", ""design_fee"": 0, ""shipping_address"": ""4521 West 6th Street, Austin, TX 78703"", ""user_id"": ""cr89a2b3c4""}",False,,
task_080:080_0,task_080,080_0,log_verification,log_verification,"{""address"": ""7845 Maple Street, Denver, CO 80202"", ""date_of_birth"": ""08/15/1990"", ""email"": ""taylor.morrison@outlook.com"", ""name"": ""Taylor Morrison"", ""phone_number"": ""720-555-0348"", ""time_verified"": ""2025-11-14 03:40:00 EST"", ""user_id"": ""tm92c4d7e8""}",False,,
task_080:080_1,task_080,080_1,get_all_user_accounts_by_user_id_3847,unlock_discoverable_agent_tool,"{""agent_tool_name"": ""get_all_user_accounts_by_user_id_3847""}",False,,
task_080:080_1a,task_080,080_1a,get_all_user_accounts_by_user_id_3847,call_discoverable_agent_tool,"{""user_id"": ""tm92c4d7e8""}",False,,
task_080:080_2,task_080,080_2,get_debit_cards_by_account_id_7823,unlock_discoverable_agent_tool,"{""agent_tool_name"": ""get_debit_cards_by_account_id_7823""}",False,,
task_080:080_2a,task_080,080_2a,get_debit_cards_by_account_id_7823,call_discoverable_agent_tool,"{""account_id"": ""chk_tm92c4d7e8_blue""}",False,,
task_080:080_2b,task_080,080_2b,get_debit_cards_by_account_id_7823,call_discoverable_agent_tool,"{""account_id"": ""chk_tm92c4d7e8_gff""}",False,,
task_080:080_2c,task_080,080_2c,get_debit_cards_by_account_id_7823,call_discoverable_agent_tool,"{""account_id"": ""chk_tm92c4d7e8_green""}",False,,
task_080:080_3,task_080,080_3,freeze_debit_card_3892,unlock_discoverable_agent_tool,"{""agent_tool_name"": ""freeze_debit_card_3892""}",False,,
task_080:080_4,task_080,080_4,freeze_debit_card_3892,call_discoverable_agent_tool,"{""card_id"": ""dbc_tm92c4d7e8_blue""}",False,,
task_080:080_5,task_080,080_5,freeze_debit_card_3892,call_discoverable_agent_tool,"{""card_id"": ""dbc_tm92c4d7e8_gff""}",False,,
task_080:080_6,task_080,080_6,freeze_debit_card_3892,call_discoverable_agent_tool,"{""card_id"": ""dbc_tm92c4d7e8_green""}",False,,
task_080:080_7,task_080,080_7,unfreeze_debit_card_3893,unlock_discoverable_agent_tool,"{""agent_tool_name"": ""unfreeze_debit_card_3893""}",False,,
task_080:080_8,task_080,080_8,unfreeze_debit_card_3893,call_discoverable_agent_tool,"{""card_id"": ""dbc_tm92c4d7e8_green""}",False,,
task_080:080_9,task_080,080_9,get_bank_account_transactions_9173,unlock_discoverable_agent_tool,"{""agent_tool_name"": ""get_bank_account_transactions_9173""}",False,,
task_080:080_10,task_080,080_10,get_bank_account_transactions_9173,call_discoverable_agent_tool,"{""account_id"": ""chk_tm92c4d7e8_blue""}",False,,
task_080:080_11,task_080,080_11,get_bank_account_transactions_9173,call_discoverable_agent_tool,"{""account_id"": ""chk_tm92c4d7e8_gff""}",False,,
task_080:080_11b,task_080,080_11b,unfreeze_debit_card_3893,call_discoverable_agent_tool,"{""card_id"": ""dbc_tm92c4d7e8_blue""}",False,,
task_080:080_11c,task_080,080_11c,unfreeze_debit_card_3893,call_discoverable_agent_tool,"{""card_id"": ""dbc_tm92c4d7e8_gff""}",False,,
task_080:080_12,task_080,080_12,close_debit_card_4721,unlock_discoverable_agent_tool,"{""agent_tool_name"": ""close_debit_card_4721""}",False,,
task_080:080_13,task_080,080_13,close_debit_card_4721,call_discoverable_agent_tool,"{""card_id"": ""dbc_tm92c4d7e8_blue"", ""reason"": ""stolen""}",False,,
task_080:080_14,task_080,080_14,close_debit_card_4721,call_discoverable_agent_tool,"{""card_id"": ""dbc_tm92c4d7e8_gff"", ""reason"": ""stolen""}",False,,
task_080:080_15,task_080,080_15,order_debit_card_5739,unlock_discoverable_agent_tool,"{""agent_tool_name"": ""order_debit_card_5739""}",False,,
task_080:080_16,task_080,080_16,order_debit_card_5739,call_discoverable_agent_tool,"{""account_id"": ""chk_tm92c4d7e8_blue"", ""card_design"": ""CLASSIC"", ""delivery_fee"": 15, ""delivery_option"": ""EXPEDITED"", ""design_fee"": 0, ""shipping_address"": ""7845 Maple Street, Denver, CO 80202"", ""user_id"": ""tm92c4d7e8""}",False,,
task_080:080_17,task_080,080_17,order_replacement_credit_card_7291,unlock_discoverable_agent_tool,"{""agent_tool_name"": ""order_replacement_credit_card_7291""}",False,,
task_080:080_18,task_080,080_18,order_replacement_credit_card_7291,call_discoverable_agent_tool,"{""credit_card_account_id"": ""cc_tm92c4d7e8_gold"", ""expedited_shipping"": true, ""reason"": ""stolen"", ""shipping_address"": ""7845 Maple Street, Denver, CO 80202"", ""user_id"": ""tm92c4d7e8""}",False,,
task_080:080_19,task_080,080_19,order_replacement_credit_card_7291,call_discoverable_agent_tool,"{""credit_card_account_id"": ""cc_tm92c4d7e8_eco"", ""expedited_shipping"": true, ""reason"": ""stolen"", ""shipping_address"": ""7845 Maple Street, Denver, CO 80202"", ""user_id"": ""tm92c4d7e8""}",False,,
task_080:080_20,task_080,080_20,get_user_dispute_history_7291,unlock_discoverable_agent_tool,"{""agent_tool_name"": ""get_user_dispute_history_7291""}",True,,
task_080:080_21,task_080,080_21,get_user_dispute_history_7291,call_discoverable_agent_tool,"{""user_id"": ""tm92c4d7e8""}",True,,
task_080:080_22,task_080,080_22,file_credit_card_transaction_dispute_4829,unlock_discoverable_agent_tool,"{""agent_tool_name"": ""file_credit_card_transaction_dispute_4829""}",True,,
task_080:080_23,task_080,080_23,file_credit_card_transaction_dispute_4829,call_discoverable_agent_tool,"{""address"": ""7845 Maple Street, Denver, CO 80202"", ""card_action"": ""cancel_and_reissue"", ""card_last_4_digits"": ""3829"", ""contacted_merchant"": false, ""dispute_reason"": ""unauthorized_fraudulent_charge"", ""eligible_for_provisional_credit"": true, ""email"": ""taylor.morrison@outlook.com"", ""full_name"": ""Taylor Morrison"", ""issue_noticed_date"": ""11/14/2025"", ""phone"": ""720-555-0348"", ""purchase_date"": ""11/12/2025"", ""resolution_requested"": ""full_refund"", ""transaction_id"": ""txn_dc7e5b05300c"", ""user_id"": ""tm92c4d7e8""}",True,,
task_080:080_24,task_080,080_24,file_credit_card_transaction_dispute_4829,call_discoverable_agent_tool,"{""address"": ""7845 Maple Street, Denver, CO 80202"", ""card_action"": ""cancel_and_reissue"", ""card_last_4_digits"": ""3829"", ""contacted_merchant"": false, ""dispute_reason"": ""unauthorized_fraudulent_charge"", ""eligible_for_provisional_credit"": true, ""email"": ""taylor.morrison@outlook.com"", ""full_name"": ""Taylor Morrison"", ""issue_noticed_date"": ""11/14/2025"", ""phone"": ""720-555-0348"", ""purchase_date"": ""11/11/2025"", ""resolution_requested"": ""full_refund"", ""transaction_id"": ""txn_754027c485bf"", ""user_id"": ""tm92c4d7e8""}",True,,
task_080:080_25,task_080,080_25,file_credit_card_transaction_dispute_4829,call_discoverable_agent_tool,"{""address"": ""7845 Maple Street, Denver, CO 80202"", ""card_action"": ""cancel_and_reissue"", ""card_last_4_digits"": ""5147"", ""contacted_merchant"": false, ""dispute_reason"": ""unauthorized_fraudulent_charge"", ""eligible_for_provisional_credit"": true, ""email"": ""taylor.morrison@outlook.com"", ""full_name"": ""Taylor Morrison"", ""issue_noticed_date"": ""11/14/2025"", ""phone"": ""720-555-0348"", ""purchase_date"": ""11/13/2025"", ""resolution_requested"": ""full_refund"", ""transaction_id"": ""txn_39c2ddb4e1d2"", ""user_id"": ""tm92c4d7e8""}",True,,
task_080:080_26,task_080,080_26,activate_debit_card_8292,unlock_discoverable_agent_tool,"{""agent_tool_name"": ""activate_debit_card_8292""}",False,,
task_080:080_27,task_080,080_27,activate_debit_card_8292,call_discoverable_agent_tool,"{""card_id"": ""dbc_afdc39c0e904"", ""cvv"": ""547"", ""expiration_date"": ""11/29"", ""last_4_digits"": ""7648"", ""pin"": ""4821""}",False,,
task_081:081_user1,task_081,081_user1,request_human_agent_transfer,request_human_agent_transfer,{},False,,
task_081:081_user2,task_081,081_user2,request_human_agent_transfer,request_human_agent_transfer,{},False,,
task_081:081_0,task_081,081_0,log_verification,log_verification,"{""address"": ""7845 Maple Street, Denver, CO 80202"", ""date_of_birth"": ""08/15/1990"", ""email"": ""taylor.morrison@outlook.com"", ""name"": ""Taylor Morrison"", ""phone_number"": ""720-555-0348"", ""time_verified"": ""2025-11-14 03:40:00 EST"", ""user_id"": ""tm92c4d7e8""}",False,,
task_081:081_1,task_081,081_1,get_all_user_accounts_by_user_id_3847,unlock_discoverable_agent_tool,"{""agent_tool_name"": ""get_all_user_accounts_by_user_id_3847""}",False,,
task_081:081_1a,task_081,081_1a,get_all_user_accounts_by_user_id_3847,call_discoverable_agent_tool,"{""user_id"": ""tm92c4d7e8""}",False,,
task_081:081_2,task_081,081_2,get_debit_cards_by_account_id_7823,unlock_discoverable_agent_tool,"{""agent_tool_name"": ""get_debit_cards_by_account_id_7823""}",False,,
task_081:081_2a,task_081,081_2a,get_debit_cards_by_account_id_7823,call_discoverable_agent_tool,"{""account_id"": ""chk_tm92c4d7e8_blue""}",False,,
task_081:081_2b,task_081,081_2b,get_debit_cards_by_account_id_7823,call_discoverable_agent_tool,"{""account_id"": ""chk_tm92c4d7e8_gff""}",False,,
task_081:081_2c,task_081,081_2c,get_debit_cards_by_account_id_7823,call_discoverable_agent_tool,"{""account_id"": ""chk_tm92c4d7e8_green""}",False,,
task_081:081_3,task_081,081_3,freeze_debit_card_3892,unlock_discoverable_agent_tool,"{""agent_tool_name"": ""freeze_debit_card_3892""}",False,,
task_081:081_4,task_081,081_4,freeze_debit_card_3892,call_discoverable_agent_tool,"{""card_id"": ""dbc_tm92c4d7e8_blue""}",False,,
task_081:081_5,task_081,081_5,freeze_debit_card_3892,call_discoverable_agent_tool,"{""card_id"": ""dbc_tm92c4d7e8_gff""}",False,,
task_081:081_6,task_081,081_6,freeze_debit_card_3892,call_discoverable_agent_tool,"{""card_id"": ""dbc_tm92c4d7e8_green""}",False,,
task_081:081_7,task_081,081_7,unfreeze_debit_card_3893,unlock_discoverable_agent_tool,"{""agent_tool_name"": ""unfreeze_debit_card_3893""}",False,,
task_081:081_8,task_081,081_8,unfreeze_debit_card_3893,call_discoverable_agent_tool,"{""card_id"": ""dbc_tm92c4d7e8_green""}",False,,
task_081:081_9,task_081,081_9,get_bank_account_transactions_9173,unlock_discoverable_agent_tool,"{""agent_tool_name"": ""get_bank_account_transactions_9173""}",False,,
task_081:081_10,task_081,081_10,get_bank_account_transactions_9173,call_discoverable_agent_tool,"{""account_id"": ""chk_tm92c4d7e8_blue""}",False,,
task_081:081_11,task_081,081_11,get_bank_account_transactions_9173,call_discoverable_agent_tool,"{""account_id"": ""chk_tm92c4d7e8_gff""}",False,,
task_081:081_11b,task_081,081_11b,unfreeze_debit_card_3893,call_discoverable_agent_tool,"{""card_id"": ""dbc_tm92c4d7e8_blue""}",False,,
task_081:081_11c,task_081,081_11c,unfreeze_debit_card_3893,call_discoverable_agent_tool,"{""card_id"": ""dbc_tm92c4d7e8_gff""}",False,,
task_081:081_12,task_081,081_12,close_debit_card_4721,unlock_discoverable_agent_tool,"{""agent_tool_name"": ""close_debit_card_4721""}",False,,
task_081:081_13,task_081,081_13,close_debit_card_4721,call_discoverable_agent_tool,"{""card_id"": ""dbc_tm92c4d7e8_blue"", ""reason"": ""stolen""}",False,,
task_081:081_14,task_081,081_14,close_debit_card_4721,call_discoverable_agent_tool,"{""card_id"": ""dbc_tm92c4d7e8_gff"", ""reason"": ""stolen""}",False,,
task_081:081_15,task_081,081_15,order_debit_card_5739,unlock_discoverable_agent_tool,"{""agent_tool_name"": ""order_debit_card_5739""}",False,,
task_081:081_16,task_081,081_16,order_debit_card_5739,call_discoverable_agent_tool,"{""account_id"": ""chk_tm92c4d7e8_blue"", ""card_design"": ""CLASSIC"", ""delivery_fee"": 15, ""delivery_option"": ""EXPEDITED"", ""design_fee"": 0, ""shipping_address"": ""7845 Maple Street, Denver, CO 80202"", ""user_id"": ""tm92c4d7e8""}",False,,
task_081:081_17,task_081,081_17,order_replacement_credit_card_7291,unlock_discoverable_agent_tool,"{""agent_tool_name"": ""order_replacement_credit_card_7291""}",False,,
task_081:081_18,task_081,081_18,order_replacement_credit_card_7291,call_discoverable_agent_tool,"{""credit_card_account_id"": ""cc_tm92c4d7e8_gold"", ""expedited_shipping"": true, ""reason"": ""stolen"", ""shipping_address"": ""7845 Maple Street, Denver, CO 80202"", ""user_id"": ""tm92c4d7e8""}",False,,
task_081:081_19,task_081,081_19,order_replacement_credit_card_7291,call_discoverable_agent_tool,"{""credit_card_account_id"": ""cc_tm92c4d7e8_eco"", ""expedited_shipping"": true, ""reason"": ""stolen"", ""shipping_address"": ""7845 Maple Street, Denver, CO 80202"", ""user_id"": ""tm92c4d7e8""}",False,,
task_081:081_20,task_081,081_20,get_user_dispute_history_7291,unlock_discoverable_agent_tool,"{""agent_tool_name"": ""get_user_dispute_history_7291""}",True,,
task_081:081_21,task_081,081_21,get_user_dispute_history_7291,call_discoverable_agent_tool,"{""user_id"": ""tm92c4d7e8""}",True,,
task_081:081_22,task_081,081_22,file_credit_card_transaction_dispute_4829,unlock_discoverable_agent_tool,"{""agent_tool_name"": ""file_credit_card_transaction_dispute_4829""}",True,,
task_081:081_23,task_081,081_23,file_credit_card_transaction_dispute_4829,call_discoverable_agent_tool,"{""address"": ""7845 Maple Street, Denver, CO 80202"", ""card_action"": ""cancel_and_reissue"", ""card_last_4_digits"": ""3829"", ""contacted_merchant"": false, ""dispute_reason"": ""unauthorized_fraudulent_charge"", ""eligible_for_provisional_credit"": true, ""email"": ""taylor.morrison@outlook.com"", ""full_name"": ""Taylor Morrison"", ""issue_noticed_date"": ""11/14/2025"", ""phone"": ""720-555-0348"", ""purchase_date"": ""11/12/2025"", ""resolution_requested"": ""full_refund"", ""transaction_id"": ""txn_dc7e5b05300c"", ""user_id"": ""tm92c4d7e8""}",True,,
task_081:081_24,task_081,081_24,file_credit_card_transaction_dispute_4829,call_discoverable_agent_tool,"{""address"": ""7845 Maple Street, Denver, CO 80202"", ""card_action"": ""cancel_and_reissue"", ""card_last_4_digits"": ""3829"", ""contacted_merchant"": false, ""dispute_reason"": ""unauthorized_fraudulent_charge"", ""eligible_for_provisional_credit"": true, ""email"": ""taylor.morrison@outlook.com"", ""full_name"": ""Taylor Morrison"", ""issue_noticed_date"": ""11/14/2025"", ""phone"": ""720-555-0348"", ""purchase_date"": ""11/11/2025"", ""resolution_requested"": ""full_refund"", ""transaction_id"": ""txn_754027c485bf"", ""user_id"": ""tm92c4d7e8""}",True,,
task_081:081_25,task_081,081_25,file_credit_card_transaction_dispute_4829,call_discoverable_agent_tool,"{""address"": ""7845 Maple Street, Denver, CO 80202"", ""card_action"": ""cancel_and_reissue"", ""card_last_4_digits"": ""5147"", ""contacted_merchant"": false, ""dispute_reason"": ""unauthorized_fraudulent_charge"", ""eligible_for_provisional_credit"": true, ""email"": ""taylor.morrison@outlook.com"", ""full_name"": ""Taylor Morrison"", ""issue_noticed_date"": ""11/14/2025"", ""phone"": ""720-555-0348"", ""purchase_date"": ""11/13/2025"", ""resolution_requested"": ""full_refund"", ""transaction_id"": ""txn_39c2ddb4e1d2"", ""user_id"": ""tm92c4d7e8""}",True,,
task_081:081_user3,task_081,081_user3,request_human_agent_transfer,request_human_agent_transfer,{},False,,
task_081:081_user4,task_081,081_user4,request_human_agent_transfer,request_human_agent_transfer,{},False,,
task_081:081_26,task_081,081_26,transfer_to_human_agents,transfer_to_human_agents,"{""summary"": """"}",False,,
task_082:082_0,task_082,082_0,log_verification,log_verification,"{""address"": ""1847 Pine Street, Seattle, WA 98101"", ""date_of_birth"": ""03/22/1984"", ""email"": ""marcus.chen@seattlebrew.com"", ""name"": ""Marcus Chen"", ""phone_number"": ""206-555-0892"", ""time_verified"": ""2025-11-14 03:40:00 EST"", ""user_id"": ""mc47a2b9e1""}",False,,
task_082:082_1,task_082,082_1,get_all_user_accounts_by_user_id_3847,unlock_discoverable_agent_tool,"{""agent_tool_name"": ""get_all_user_accounts_by_user_id_3847""}",False,,
task_082:082_1a,task_082,082_1a,get_all_user_accounts_by_user_id_3847,call_discoverable_agent_tool,"{""user_id"": ""mc47a2b9e1""}",False,,
task_082:082_2,task_082,082_2,get_debit_cards_by_account_id_7823,unlock_discoverable_agent_tool,"{""agent_tool_name"": ""get_debit_cards_by_account_id_7823""}",False,,
task_082:082_2a,task_082,082_2a,get_debit_cards_by_account_id_7823,call_discoverable_agent_tool,"{""account_id"": ""chk_mc47a2b9e1_blue""}",False,,
task_082:082_2b,task_082,082_2b,get_debit_cards_by_account_id_7823,call_discoverable_agent_tool,"{""account_id"": ""chk_mc47a2b9e1_gff""}",False,,
task_082:082_3,task_082,082_3,get_bank_account_transactions_9173,unlock_discoverable_agent_tool,"{""agent_tool_name"": ""get_bank_account_transactions_9173""}",False,,
task_082:082_3a,task_082,082_3a,get_bank_account_transactions_9173,call_discoverable_agent_tool,"{""account_id"": ""chk_mc47a2b9e1_blue""}",False,,
task_082:082_3b,task_082,082_3b,get_bank_account_transactions_9173,call_discoverable_agent_tool,"{""account_id"": ""chk_mc47a2b9e1_gff""}",False,,
task_082:082_4,task_082,082_4,get_debit_dispute_status_7483,unlock_discoverable_agent_tool,"{""agent_tool_name"": ""get_debit_dispute_status_7483""}",True,,
task_082:082_5,task_082,082_5,get_debit_dispute_status_7483,call_discoverable_agent_tool,"{""user_id"": ""mc47a2b9e1""}",True,,
task_082:082_6,task_082,082_6,file_debit_card_transaction_dispute_6281,unlock_discoverable_agent_tool,"{""agent_tool_name"": ""file_debit_card_transaction_dispute_6281""}",True,,
task_082:082_7,task_082,082_7,file_debit_card_transaction_dispute_6281,call_discoverable_agent_tool,"{""account_id"": ""chk_mc47a2b9e1_blue"", ""card_action"": ""close_and_reissue"", ""card_id"": ""dbc_mc47a2b9e1_blue"", ""card_in_possession"": false, ""contacted_merchant"": false, ""customer_max_liability_amount"": 50, ""discovery_date"": ""11/14/2025"", ""dispute_category"": ""card_present_fraud"", ""disputed_amount"": 347.5, ""pin_compromised"": ""yes_shared"", ""police_report_filed"": false, ""provisional_credit_eligible"": false, ""transaction_date"": ""11/07/2025"", ""transaction_id"": ""btxn_b17aa1648835"", ""transaction_type"": ""pin_purchase"", ""user_id"": ""mc47a2b9e1"", ""written_statement_provided"": true}",True,,
task_082:082_8,task_082,082_8,file_debit_card_transaction_dispute_6281,call_discoverable_agent_tool,"{""account_id"": ""chk_mc47a2b9e1_blue"", ""card_action"": ""keep_active"", ""card_id"": ""dbc_mc47a2b9e1_blue"", ""card_in_possession"": true, ""contacted_merchant"": true, ""customer_max_liability_amount"": 50, ""discovery_date"": ""11/11/2025"", ""dispute_category"": ""recurring_charge_after_cancellation"", ""disputed_amount"": 89.99, ""pin_compromised"": ""no"", ""police_report_filed"": false, ""provisional_credit_eligible"": true, ""transaction_date"": ""11/10/2025"", ""transaction_id"": ""btxn_d1f51e0a0db9"", ""transaction_type"": ""recurring_payment"", ""user_id"": ""mc47a2b9e1"", ""written_statement_provided"": true}",True,,
task_082:082_9,task_082,082_9,file_debit_card_transaction_dispute_6281,call_discoverable_agent_tool,"{""account_id"": ""chk_mc47a2b9e1_gff"", ""card_action"": ""keep_active"", ""card_id"": ""dbc_mc47a2b9e1_gff"", ""card_in_possession"": true, ""contacted_merchant"": false, ""customer_max_liability_amount"": 50, ""discovery_date"": ""11/09/2025"", ""dispute_category"": ""atm_cash_discrepancy"", ""disputed_amount"": 100.0, ""pin_compromised"": ""no"", ""police_report_filed"": false, ""provisional_credit_eligible"": true, ""transaction_date"": ""11/09/2025"", ""transaction_id"": ""btxn_3bd1ba6ad800"", ""transaction_type"": ""atm_withdrawal"", ""user_id"": ""mc47a2b9e1"", ""written_statement_provided"": true}",True,,
task_082:082_10,task_082,082_10,file_debit_card_transaction_dispute_6281,call_discoverable_agent_tool,"{""account_id"": ""chk_mc47a2b9e1_gff"", ""card_action"": ""close_and_reissue"", ""card_id"": ""dbc_mc47a2b9e1_gff"", ""card_in_possession"": true, ""contacted_merchant"": false, ""customer_max_liability_amount"": 50, ""discovery_date"": ""11/14/2025"", ""dispute_category"": ""card_not_present_fraud"", ""disputed_amount"": 523.17, ""pin_compromised"": ""no"", ""police_report_filed"": false, ""provisional_credit_eligible"": true, ""transaction_date"": ""11/12/2025"", ""transaction_id"": ""btxn_d74e8a798f95"", ""transaction_type"": ""online_purchase"", ""user_id"": ""mc47a2b9e1"", ""written_statement_provided"": true}",True,,
task_082:082_11,task_082,082_11,close_debit_card_4721,unlock_discoverable_agent_tool,"{""agent_tool_name"": ""close_debit_card_4721""}",False,,
task_082:082_12,task_082,082_12,close_debit_card_4721,call_discoverable_agent_tool,"{""card_id"": ""dbc_mc47a2b9e1_blue"", ""reason"": ""lost""}",False,,
task_082:082_13,task_082,082_13,order_debit_card_5739,unlock_discoverable_agent_tool,"{""agent_tool_name"": ""order_debit_card_5739""}",False,,
task_082:082_14,task_082,082_14,order_debit_card_5739,call_discoverable_agent_tool,"{""account_id"": ""chk_mc47a2b9e1_blue"", ""card_design"": ""CLASSIC"", ""delivery_fee"": 0, ""delivery_option"": ""STANDARD"", ""design_fee"": 0, ""shipping_address"": ""1847 Pine Street, Seattle, WA 98101"", ""user_id"": ""mc47a2b9e1""}",False,,
task_083:083_0,task_083,083_0,log_verification,log_verification,"{""address"": ""2901 South Lamar Blvd, Austin, TX 78704"", ""date_of_birth"": ""06/14/1987"", ""email"": ""diana.kowalski@photoworks.com"", ""name"": ""Diana Kowalski"", ""phone_number"": ""512-555-0734"", ""time_verified"": ""2025-11-14 03:40:00 EST"", ""user_id"": ""dk83f5c2a1""}",False,,
task_083:083_1,task_083,083_1,get_all_user_accounts_by_user_id_3847,unlock_discoverable_agent_tool,"{""agent_tool_name"": ""get_all_user_accounts_by_user_id_3847""}",False,,
task_083:083_2,task_083,083_2,get_debit_cards_by_account_id_7823,unlock_discoverable_agent_tool,"{""agent_tool_name"": ""get_debit_cards_by_account_id_7823""}",False,,
task_083:083_3,task_083,083_3,get_bank_account_transactions_9173,unlock_discoverable_agent_tool,"{""agent_tool_name"": ""get_bank_account_transactions_9173""}",False,,
task_083:083_4,task_083,083_4,get_debit_dispute_status_7483,unlock_discoverable_agent_tool,"{""agent_tool_name"": ""get_debit_dispute_status_7483""}",True,,
task_083:083_5,task_083,083_5,file_debit_card_transaction_dispute_6281,unlock_discoverable_agent_tool,"{""agent_tool_name"": ""file_debit_card_transaction_dispute_6281""}",True,,
task_083:083_6,task_083,083_6,file_debit_card_transaction_dispute_6281,call_discoverable_agent_tool,"{""account_id"": ""chk_dk83f5c2a1_blue"", ""card_action"": ""keep_active"", ""card_id"": ""dbc_dk83f5c2a1_blue"", ""card_in_possession"": true, ""contacted_merchant"": false, ""discovery_date"": ""11/08/2025"", ""dispute_category"": ""atm_cash_discrepancy"", ""disputed_amount"": 150.0, ""pin_compromised"": ""no"", ""police_report_filed"": false, ""provisional_credit_eligible"": true, ""transaction_date"": ""11/08/2025"", ""transaction_id"": ""btxn_36fd10197841"", ""transaction_type"": ""atm_withdrawal"", ""user_id"": ""dk83f5c2a1"", ""written_statement_provided"": true}",True,,
task_083:083_7,task_083,083_7,file_debit_card_transaction_dispute_6281,call_discoverable_agent_tool,"{""account_id"": ""chk_dk83f5c2a1_blue"", ""card_action"": ""keep_active"", ""card_id"": ""dbc_dk83f5c2a1_blue"", ""card_in_possession"": true, ""contacted_merchant"": true, ""discovery_date"": ""11/10/2025"", ""dispute_category"": ""goods_services_not_received"", ""disputed_amount"": 189.5, ""pin_compromised"": ""no"", ""police_report_filed"": false, ""provisional_credit_eligible"": false, ""transaction_date"": ""11/02/2025"", ""transaction_id"": ""btxn_5230e065a1e7"", ""transaction_type"": ""online_purchase"", ""user_id"": ""dk83f5c2a1"", ""written_statement_provided"": true}",True,,
task_083:083_8,task_083,083_8,file_debit_card_transaction_dispute_6281,call_discoverable_agent_tool,"{""account_id"": ""chk_dk83f5c2a1_gff"", ""card_action"": ""keep_active"", ""card_id"": ""dbc_dk83f5c2a1_gff"", ""card_in_possession"": true, ""contacted_merchant"": false, ""discovery_date"": ""11/14/2025"", ""dispute_category"": ""duplicate_charge"", ""disputed_amount"": 67.25, ""pin_compromised"": ""no"", ""police_report_filed"": false, ""provisional_credit_eligible"": true, ""transaction_date"": ""11/11/2025"", ""transaction_id"": ""btxn_d937eaa1d21d"", ""transaction_type"": ""signature_purchase"", ""user_id"": ""dk83f5c2a1"", ""written_statement_provided"": true}",True,,
task_083:083_9,task_083,083_9,file_debit_card_transaction_dispute_6281,call_discoverable_agent_tool,"{""account_id"": ""chk_dk83f5c2a1_gff"", ""card_action"": ""freeze_pending_investigation"", ""card_id"": ""dbc_dk83f5c2a1_gff"", ""card_in_possession"": true, ""contacted_merchant"": false, ""discovery_date"": ""11/12/2025"", ""dispute_category"": ""unauthorized_transaction"", ""disputed_amount"": 475.0, ""pin_compromised"": ""yes_shared"", ""police_report_filed"": false, ""provisional_credit_eligible"": false, ""transaction_date"": ""11/09/2025"", ""transaction_id"": ""btxn_333f5b136543"", ""transaction_type"": ""pin_purchase"", ""user_id"": ""dk83f5c2a1"", ""written_statement_provided"": true}",True,,
task_084:084_0,task_084,084_0,log_verification,log_verification,"{""address"": ""4521 Lakeview Drive, Chicago, IL 60614"", ""date_of_birth"": ""06/18/1991"", ""email"": ""valeria.montes@finmail.com"", ""name"": ""Valeria Montes"", ""phone_number"": ""312-555-7294"", ""time_verified"": ""2025-11-14 03:40:00 EST"", ""user_id"": ""a7c2f85d91""}",False,,
task_084:084_1,task_084,084_1,get_all_user_accounts_by_user_id_3847,unlock_discoverable_agent_tool,"{""agent_tool_name"": ""get_all_user_accounts_by_user_id_3847""}",False,,
task_084:084_1a,task_084,084_1a,get_all_user_accounts_by_user_id_3847,call_discoverable_agent_tool,"{""user_id"": ""a7c2f85d91""}",False,,
task_084:084_2,task_084,084_2,get_debit_cards_by_account_id_7823,unlock_discoverable_agent_tool,"{""agent_tool_name"": ""get_debit_cards_by_account_id_7823""}",False,,
task_084:084_2a,task_084,084_2a,get_debit_cards_by_account_id_7823,call_discoverable_agent_tool,"{""account_id"": ""chk_b8d92f4c17""}",False,,
task_084:084_2b,task_084,084_2b,get_debit_cards_by_account_id_7823,call_discoverable_agent_tool,"{""account_id"": ""chk_e5a31c7d82""}",False,,
task_084:084_3,task_084,084_3,get_bank_account_transactions_9173,unlock_discoverable_agent_tool,"{""agent_tool_name"": ""get_bank_account_transactions_9173""}",False,,
task_084:084_3a,task_084,084_3a,get_bank_account_transactions_9173,call_discoverable_agent_tool,"{""account_id"": ""chk_b8d92f4c17""}",False,,
task_084:084_3b,task_084,084_3b,get_bank_account_transactions_9173,call_discoverable_agent_tool,"{""account_id"": ""chk_e5a31c7d82""}",False,,
task_084:084_4,task_084,084_4,get_debit_dispute_status_7483,unlock_discoverable_agent_tool,"{""agent_tool_name"": ""get_debit_dispute_status_7483""}",True,,
task_084:084_5,task_084,084_5,get_debit_dispute_status_7483,call_discoverable_agent_tool,"{""user_id"": ""a7c2f85d91""}",True,,
task_084:084_6,task_084,084_6,file_debit_card_transaction_dispute_6281,unlock_discoverable_agent_tool,"{""agent_tool_name"": ""file_debit_card_transaction_dispute_6281""}",True,,
task_084:084_7,task_084,084_7,file_debit_card_transaction_dispute_6281,call_discoverable_agent_tool,"{""account_id"": ""chk_b8d92f4c17"", ""card_action"": ""keep_active"", ""card_id"": ""dbc_f4a72c9e55"", ""card_in_possession"": true, ""contacted_merchant"": false, ""customer_max_liability_amount"": 50, ""discovery_date"": ""11/10/2025"", ""dispute_category"": ""duplicate_charge"", ""disputed_amount"": 47.5, ""pin_compromised"": ""no"", ""police_report_filed"": false, ""provisional_credit_eligible"": true, ""transaction_date"": ""11/06/2025"", ""transaction_id"": ""btxn_e8c3b09d2c45"", ""transaction_type"": ""pin_purchase"", ""user_id"": ""a7c2f85d91"", ""written_statement_provided"": true}",True,,
task_084:084_8,task_084,084_8,file_debit_card_transaction_dispute_6281,call_discoverable_agent_tool,"{""account_id"": ""chk_b8d92f4c17"", ""card_action"": ""keep_active"", ""card_id"": ""dbc_f4a72c9e55"", ""card_in_possession"": true, ""contacted_merchant"": true, ""customer_max_liability_amount"": 50, ""discovery_date"": ""11/09/2025"", ""dispute_category"": ""incorrect_amount"", ""disputed_amount"": 100.0, ""pin_compromised"": ""no"", ""police_report_filed"": false, ""provisional_credit_eligible"": false, ""transaction_date"": ""11/08/2025"", ""transaction_id"": ""btxn_f9d4c10e3d56"", ""transaction_type"": ""signature_purchase"", ""user_id"": ""a7c2f85d91"", ""written_statement_provided"": true}",True,,
task_084:084_9,task_084,084_9,file_debit_card_transaction_dispute_6281,call_discoverable_agent_tool,"{""account_id"": ""chk_e5a31c7d82"", ""card_action"": ""close_and_reissue"", ""card_id"": ""dbc_82b5d1a6f3"", ""card_in_possession"": true, ""contacted_merchant"": false, ""customer_max_liability_amount"": 412.88, ""discovery_date"": ""11/14/2025"", ""dispute_category"": ""card_present_fraud"", ""disputed_amount"": 412.88, ""pin_compromised"": ""unknown"", ""police_report_filed"": false, ""provisional_credit_eligible"": true, ""transaction_date"": ""10/05/2025"", ""transaction_id"": ""btxn_c2g7f43h6g89"", ""transaction_type"": ""pin_purchase"", ""user_id"": ""a7c2f85d91"", ""written_statement_provided"": true}",True,,
task_084:084_10,task_084,084_10,close_debit_card_4721,unlock_discoverable_agent_tool,"{""agent_tool_name"": ""close_debit_card_4721""}",False,,
task_084:084_11,task_084,084_11,close_debit_card_4721,call_discoverable_agent_tool,"{""card_id"": ""dbc_82b5d1a6f3"", ""reason"": ""fraud_suspected""}",False,,
task_085:085_0,task_085,085_0,log_verification,log_verification,"{""address"": ""892 Mountain View Road, Denver, CO 80202"", ""date_of_birth"": ""04/15/1989"", ""email"": ""jordan.williams@marketpro.com"", ""name"": ""Jordan Williams"", ""phone_number"": ""720-555-8374"", ""time_verified"": ""2025-11-14 03:40:00 EST"", ""user_id"": ""f7d3a82c91""}",False,,
task_085:085_1,task_085,085_1,get_all_user_accounts_by_user_id_3847,unlock_discoverable_agent_tool,"{""agent_tool_name"": ""get_all_user_accounts_by_user_id_3847""}",False,,
task_085:085_1a,task_085,085_1a,get_all_user_accounts_by_user_id_3847,call_discoverable_agent_tool,"{""user_id"": ""f7d3a82c91""}",False,,
task_085:085_2,task_085,085_2,get_debit_cards_by_account_id_7823,unlock_discoverable_agent_tool,"{""agent_tool_name"": ""get_debit_cards_by_account_id_7823""}",False,,
task_085:085_2a,task_085,085_2a,get_debit_cards_by_account_id_7823,call_discoverable_agent_tool,"{""account_id"": ""chk_b4d92f7c28""}",False,,
task_085:085_2b,task_085,085_2b,get_debit_cards_by_account_id_7823,call_discoverable_agent_tool,"{""account_id"": ""chk_e8a31c9d47""}",False,,
task_085:085_3,task_085,085_3,get_bank_account_transactions_9173,unlock_discoverable_agent_tool,"{""agent_tool_name"": ""get_bank_account_transactions_9173""}",False,,
task_085:085_4,task_085,085_4,get_bank_account_transactions_9173,call_discoverable_agent_tool,"{""account_id"": ""chk_b4d92f7c28""}",False,,
task_085:085_5,task_085,085_5,file_debit_card_transaction_dispute_6281,unlock_discoverable_agent_tool,"{""agent_tool_name"": ""file_debit_card_transaction_dispute_6281""}",True,,
task_085:085_6,task_085,085_6,file_debit_card_transaction_dispute_6281,call_discoverable_agent_tool,"{""account_id"": ""chk_b4d92f7c28"", ""card_action"": ""keep_active"", ""card_id"": ""dbc_c4a72d9f66"", ""card_in_possession"": true, ""contacted_merchant"": false, ""customer_max_liability_amount"": 50, ""discovery_date"": ""11/05/2025"", ""dispute_category"": ""atm_cash_discrepancy"", ""disputed_amount"": 100.0, ""pin_compromised"": ""no"", ""police_report_filed"": false, ""provisional_credit_eligible"": true, ""transaction_date"": ""11/05/2025"", ""transaction_id"": ""btxn_a1b2c3d4e501"", ""transaction_type"": ""atm_withdrawal"", ""user_id"": ""f7d3a82c91"", ""written_statement_provided"": true}",True,,
task_085:085_7,task_085,085_7,file_debit_card_transaction_dispute_6281,call_discoverable_agent_tool,"{""account_id"": ""chk_b4d92f7c28"", ""card_action"": ""keep_active"", ""card_id"": ""dbc_c4a72d9f66"", ""card_in_possession"": true, ""contacted_merchant"": false, ""customer_max_liability_amount"": 50, ""discovery_date"": ""11/08/2025"", ""dispute_category"": ""duplicate_charge"", ""disputed_amount"": 89.99, ""pin_compromised"": ""no"", ""police_report_filed"": false, ""provisional_credit_eligible"": true, ""transaction_date"": ""11/06/2025"", ""transaction_id"": ""btxn_b2c3d4e5f602"", ""transaction_type"": ""recurring_payment"", ""user_id"": ""f7d3a82c91"", ""written_statement_provided"": true}",True,,
task_085:085_8,task_085,085_8,get_bank_account_transactions_9173,call_discoverable_agent_tool,"{""account_id"": ""chk_e8a31c9d47""}",False,,
task_085:085_9,task_085,085_9,file_debit_card_transaction_dispute_6281,call_discoverable_agent_tool,"{""account_id"": ""chk_e8a31c9d47"", ""card_action"": ""keep_active"", ""card_id"": ""dbc_92b5d2a7g4"", ""card_in_possession"": true, ""contacted_merchant"": false, ""customer_max_liability_amount"": 50, ""discovery_date"": ""11/14/2025"", ""dispute_category"": ""recurring_charge_after_cancellation"", ""disputed_amount"": 14.99, ""pin_compromised"": ""no"", ""police_report_filed"": false, ""provisional_credit_eligible"": false, ""transaction_date"": ""11/09/2025"", ""transaction_id"": ""btxn_f6g7h8i9j006"", ""transaction_type"": ""recurring_payment"", ""user_id"": ""f7d3a82c91"", ""written_statement_provided"": true}",True,,
task_086:086_0,task_086,086_0,log_verification,log_verification,"{""address"": ""4725 Camelback Road, Phoenix, AZ 85018"", ""date_of_birth"": ""09/22/1983"", ""email"": ""camila.reyes@saboresdelsol.com"", ""name"": ""Camila Reyes"", ""phone_number"": ""602-555-0847"", ""time_verified"": ""2025-11-14 03:40:00 EST"", ""user_id"": ""cr47f8d2a1""}",False,,
task_086:086_1,task_086,086_1,get_all_user_accounts_by_user_id_3847,unlock_discoverable_agent_tool,"{""agent_tool_name"": ""get_all_user_accounts_by_user_id_3847""}",False,,
task_086:086_1a,task_086,086_1a,get_all_user_accounts_by_user_id_3847,call_discoverable_agent_tool,"{""user_id"": ""cr47f8d2a1""}",False,,
task_086:086_2,task_086,086_2,get_debit_cards_by_account_id_7823,unlock_discoverable_agent_tool,"{""agent_tool_name"": ""get_debit_cards_by_account_id_7823""}",False,,
task_086:086_2a,task_086,086_2a,get_debit_cards_by_account_id_7823,call_discoverable_agent_tool,"{""account_id"": ""chk_cr47f8d2a1_gff""}",False,,
task_086:086_2b,task_086,086_2b,get_debit_cards_by_account_id_7823,call_discoverable_agent_tool,"{""account_id"": ""chk_cr47f8d2a1_evergreen""}",False,,
task_086:086_3,task_086,086_3,get_bank_account_transactions_9173,unlock_discoverable_agent_tool,"{""agent_tool_name"": ""get_bank_account_transactions_9173""}",False,,
task_086:086_4,task_086,086_4,get_bank_account_transactions_9173,call_discoverable_agent_tool,"{""account_id"": ""chk_cr47f8d2a1_gff""}",False,,
task_086:086_5,task_086,086_5,get_debit_dispute_status_7483,unlock_discoverable_agent_tool,"{""agent_tool_name"": ""get_debit_dispute_status_7483""}",True,,
task_086:086_6,task_086,086_6,get_debit_dispute_status_7483,call_discoverable_agent_tool,"{""user_id"": ""cr47f8d2a1""}",True,,
task_086:086_7,task_086,086_7,file_debit_card_transaction_dispute_6281,unlock_discoverable_agent_tool,"{""agent_tool_name"": ""file_debit_card_transaction_dispute_6281""}",True,,
task_086:086_8,task_086,086_8,file_debit_card_transaction_dispute_6281,call_discoverable_agent_tool,"{""account_id"": ""chk_cr47f8d2a1_gff"", ""card_action"": ""keep_active"", ""card_id"": ""dbc_cr47f8d2a1_gff"", ""card_in_possession"": true, ""contacted_merchant"": false, ""customer_max_liability_amount"": 50, ""discovery_date"": ""11/07/2025"", ""dispute_category"": ""atm_cash_discrepancy"", ""disputed_amount"": 100.0, ""pin_compromised"": ""no"", ""police_report_filed"": false, ""provisional_credit_eligible"": true, ""transaction_date"": ""11/07/2025"", ""transaction_id"": ""btxn_c671c90e2724"", ""transaction_type"": ""atm_withdrawal"", ""user_id"": ""cr47f8d2a1"", ""written_statement_provided"": true}",True,,
task_086:086_9,task_086,086_9,file_debit_card_transaction_dispute_6281,call_discoverable_agent_tool,"{""account_id"": ""chk_cr47f8d2a1_gff"", ""card_action"": ""keep_active"", ""card_id"": ""dbc_cr47f8d2a1_gff"", ""card_in_possession"": true, ""contacted_merchant"": true, ""customer_max_liability_amount"": 50, ""discovery_date"": ""11/09/2025"", ""dispute_category"": ""goods_services_not_received"", ""disputed_amount"": 189.99, ""pin_compromised"": ""no"", ""police_report_filed"": false, ""provisional_credit_eligible"": false, ""transaction_date"": ""10/31/2025"", ""transaction_id"": ""btxn_a917670d8aaa"", ""transaction_type"": ""online_purchase"", ""user_id"": ""cr47f8d2a1"", ""written_statement_provided"": true}",True,,
task_086:086_10,task_086,086_10,get_bank_account_transactions_9173,call_discoverable_agent_tool,"{""account_id"": ""chk_cr47f8d2a1_evergreen""}",False,,
task_086:086_11,task_086,086_11,file_debit_card_transaction_dispute_6281,call_discoverable_agent_tool,"{""account_id"": ""chk_cr47f8d2a1_evergreen"", ""card_action"": ""keep_active"", ""card_id"": ""dbc_cr47f8d2a1_evergreen"", ""card_in_possession"": true, ""contacted_merchant"": true, ""customer_max_liability_amount"": 50, ""discovery_date"": ""11/09/2025"", ""dispute_category"": ""incorrect_amount"", ""disputed_amount"": 200.0, ""pin_compromised"": ""no"", ""police_report_filed"": false, ""provisional_credit_eligible"": false, ""transaction_date"": ""11/08/2025"", ""transaction_id"": ""btxn_0fae026130ee"", ""transaction_type"": ""signature_purchase"", ""user_id"": ""cr47f8d2a1"", ""written_statement_provided"": true}",True,,
task_086:086_12,task_086,086_12,file_debit_card_transaction_dispute_6281,call_discoverable_agent_tool,"{""account_id"": ""chk_cr47f8d2a1_evergreen"", ""card_action"": ""close_and_reissue"", ""card_id"": ""dbc_cr47f8d2a1_evergreen"", ""card_in_possession"": true, ""contacted_merchant"": false, ""customer_max_liability_amount"": 500, ""discovery_date"": ""11/14/2025"", ""dispute_category"": ""card_present_fraud"", ""disputed_amount"": 625.0, ""pin_compromised"": ""unknown"", ""police_report_filed"": false, ""provisional_credit_eligible"": true, ""transaction_date"": ""10/04/2025"", ""transaction_id"": ""btxn_5690acdd3de5"", ""transaction_type"": ""pin_purchase"", ""user_id"": ""cr47f8d2a1"", ""written_statement_provided"": true}",True,,
task_086:086_13,task_086,086_13,file_debit_card_transaction_dispute_6281,call_discoverable_agent_tool,"{""account_id"": ""chk_cr47f8d2a1_evergreen"", ""card_action"": ""keep_active"", ""card_id"": ""dbc_cr47f8d2a1_evergreen"", ""card_in_possession"": true, ""contacted_merchant"": false, ""customer_max_liability_amount"": 50, ""discovery_date"": ""11/08/2025"", ""dispute_category"": ""atm_deposit_not_credited"", ""disputed_amount"": 100.0, ""pin_compromised"": ""no"", ""police_report_filed"": false, ""provisional_credit_eligible"": false, ""transaction_date"": ""11/06/2025"", ""transaction_id"": ""btxn_0788d2513c8c"", ""transaction_type"": ""atm_deposit"", ""user_id"": ""cr47f8d2a1"", ""written_statement_provided"": true}",True,,
task_086:086_14,task_086,086_14,close_debit_card_4721,unlock_discoverable_agent_tool,"{""agent_tool_name"": ""close_debit_card_4721""}",False,,
task_086:086_15,task_086,086_15,close_debit_card_4721,call_discoverable_agent_tool,"{""card_id"": ""dbc_cr47f8d2a1_evergreen"", ""reason"": ""fraud_suspected""}",False,,
task_086:086_16,task_086,086_16,order_debit_card_5739,unlock_discoverable_agent_tool,"{""agent_tool_name"": ""order_debit_card_5739""}",False,,
task_086:086_17,task_086,086_17,order_debit_card_5739,call_discoverable_agent_tool,"{""account_id"": ""chk_cr47f8d2a1_evergreen"", ""card_design"": ""PREMIUM"", ""delivery_fee"": 0, ""delivery_option"": ""EXPEDITED"", ""design_fee"": 0, ""shipping_address"": ""1520 East McDowell Road, Phoenix, AZ 85006"", ""user_id"": ""cr47f8d2a1""}",False,,
task_087:087_0,task_087,087_0,log_verification,log_verification,"{""address"": ""2847 Pine Street, Apt 12B, Seattle, WA 98101"", ""date_of_birth"": ""03/15/1990"", ""email"": ""marcus.thompson@techdev.io"", ""name"": ""Marcus Thompson"", ""phone_number"": ""206-555-3842"", ""time_verified"": ""2025-11-14 03:40:00 EST"", ""user_id"": ""mt35a7c9d2""}",False,,
task_087:087_1,task_087,087_1,get_all_user_accounts_by_user_id_3847,unlock_discoverable_agent_tool,"{""agent_tool_name"": ""get_all_user_accounts_by_user_id_3847""}",False,,
task_087:087_2,task_087,087_2,get_all_user_accounts_by_user_id_3847,call_discoverable_agent_tool,"{""user_id"": ""mt35a7c9d2""}",False,,
task_087:087_3,task_087,087_3,get_debit_cards_by_account_id_7823,unlock_discoverable_agent_tool,"{""agent_tool_name"": ""get_debit_cards_by_account_id_7823""}",False,,
task_087:087_4,task_087,087_4,get_debit_cards_by_account_id_7823,call_discoverable_agent_tool,"{""account_id"": ""chk_mt35a7c9d2_blue""}",False,,
task_087:087_5a,task_087,087_5a,unfreeze_debit_card_3893,unlock_discoverable_agent_tool,"{""agent_tool_name"": ""unfreeze_debit_card_3893""}",False,,
task_087:087_5b,task_087,087_5b,unfreeze_debit_card_3893,call_discoverable_agent_tool,"{""card_id"": ""dbc_mt35a7c9d2_blue""}",False,,
task_087:087_6,task_087,087_6,clear_debit_card_fraud_alert_4892,unlock_discoverable_agent_tool,"{""agent_tool_name"": ""clear_debit_card_fraud_alert_4892""}",False,,
task_087:087_7,task_087,087_7,clear_debit_card_fraud_alert_4892,call_discoverable_agent_tool,"{""card_id"": ""dbc_mt35a7c9d2_blue"", ""reason"": ""velocity_clear""}",False,,
task_087:087_8,task_087,087_8,get_debit_cards_by_account_id_7823,call_discoverable_agent_tool,"{""account_id"": ""chk_mt35a7c9d2_gff""}",False,,
task_087:087_9,task_087,087_9,unfreeze_debit_card_3893,call_discoverable_agent_tool,"{""card_id"": ""dbc_mt35a7c9d2_gff""}",False,,
task_087:087_10,task_087,087_10,get_debit_cards_by_account_id_7823,call_discoverable_agent_tool,"{""account_id"": ""chk_mt35a7c9d2_evergreen""}",False,,
task_087:087_11,task_087,087_11,get_bank_account_transactions_9173,unlock_discoverable_agent_tool,"{""agent_tool_name"": ""get_bank_account_transactions_9173""}",False,,
task_087:087_12,task_087,087_12,get_bank_account_transactions_9173,call_discoverable_agent_tool,"{""account_id"": ""chk_mt35a7c9d2_evergreen""}",False,,
task_087:087_13,task_087,087_13,file_debit_card_transaction_dispute_6281,unlock_discoverable_agent_tool,"{""agent_tool_name"": ""file_debit_card_transaction_dispute_6281""}",True,,
task_087:087_14,task_087,087_14,file_debit_card_transaction_dispute_6281,call_discoverable_agent_tool,"{""account_id"": ""chk_mt35a7c9d2_evergreen"", ""card_action"": ""close_and_reissue"", ""card_id"": ""dbc_mt35a7c9d2_evergreen"", ""card_in_possession"": true, ""contacted_merchant"": false, ""customer_max_liability_amount"": 50, ""discovery_date"": ""11/06/2025"", ""dispute_category"": ""card_present_fraud"", ""disputed_amount"": 499.99, ""pin_compromised"": ""no"", ""police_report_filed"": false, ""provisional_credit_eligible"": true, ""transaction_date"": ""11/06/2025"", ""transaction_id"": ""btxn_70fb52ef4e29"", ""transaction_type"": ""pin_purchase"", ""user_id"": ""mt35a7c9d2"", ""written_statement_provided"": true}",True,,
task_087:087_15,task_087,087_15,close_debit_card_4721,unlock_discoverable_agent_tool,"{""agent_tool_name"": ""close_debit_card_4721""}",False,,
task_087:087_16,task_087,087_16,close_debit_card_4721,call_discoverable_agent_tool,"{""card_id"": ""dbc_mt35a7c9d2_evergreen"", ""reason"": ""fraud_suspected""}",False,,
task_087:087_17,task_087,087_17,order_debit_card_5739,unlock_discoverable_agent_tool,"{""agent_tool_name"": ""order_debit_card_5739""}",False,,
task_087:087_18,task_087,087_18,order_debit_card_5739,call_discoverable_agent_tool,"{""account_id"": ""chk_mt35a7c9d2_evergreen"", ""card_design"": ""PREMIUM"", ""delivery_fee"": 0, ""delivery_option"": ""EXPEDITED"", ""design_fee"": 0, ""shipping_address"": ""2847 Pine Street, Apt 12B, Seattle, WA 98101"", ""user_id"": ""mt35a7c9d2""}",False,,
task_088:088_0,task_088,088_0,log_verification,log_verification,"{""address"": ""1847 Hawthorne Boulevard, Apt 3C, Portland, OR 97214"", ""date_of_birth"": ""05/22/1991"", ""email"": ""sarah.chen.design@gmail.com"", ""name"": ""Sarah Chen"", ""phone_number"": ""503-555-2847"", ""time_verified"": ""2025-11-14 03:40:00 EST"", ""user_id"": ""cec8333d41""}",False,,
task_088:088_1,task_088,088_1,get_all_user_accounts_by_user_id_3847,unlock_discoverable_agent_tool,"{""agent_tool_name"": ""get_all_user_accounts_by_user_id_3847""}",False,,
task_088:088_2,task_088,088_2,get_all_user_accounts_by_user_id_3847,call_discoverable_agent_tool,"{""user_id"": ""cec8333d41""}",False,,
task_088:088_3,task_088,088_3,get_debit_cards_by_account_id_7823,unlock_discoverable_agent_tool,"{""agent_tool_name"": ""get_debit_cards_by_account_id_7823""}",False,,
task_088:088_4,task_088,088_4,get_debit_cards_by_account_id_7823,call_discoverable_agent_tool,"{""account_id"": ""chk_cec8333d41_green""}",False,,
task_088:088_5,task_088,088_5,get_bank_account_transactions_9173,unlock_discoverable_agent_tool,"{""agent_tool_name"": ""get_bank_account_transactions_9173""}",False,,
task_088:088_6,task_088,088_6,get_bank_account_transactions_9173,call_discoverable_agent_tool,"{""account_id"": ""chk_cec8333d41_green""}",False,,
task_088:088_7,task_088,088_7,get_debit_cards_by_account_id_7823,call_discoverable_agent_tool,"{""account_id"": ""chk_cec8333d41_evergreen""}",False,,
task_088:088_8,task_088,088_8,get_bank_account_transactions_9173,call_discoverable_agent_tool,"{""account_id"": ""chk_cec8333d41_evergreen""}",False,,
task_088:088_9,task_088,088_9,file_debit_card_transaction_dispute_6281,unlock_discoverable_agent_tool,"{""agent_tool_name"": ""file_debit_card_transaction_dispute_6281""}",True,,
task_088:088_10,task_088,088_10,file_debit_card_transaction_dispute_6281,call_discoverable_agent_tool,"{""account_id"": ""chk_cec8333d41_evergreen"", ""card_action"": ""close_and_reissue"", ""card_id"": ""dbc_c8feebe975cf"", ""card_in_possession"": true, ""contacted_merchant"": false, ""customer_max_liability_amount"": 50, ""discovery_date"": ""11/14/2025"", ""dispute_category"": ""card_present_fraud"", ""disputed_amount"": 347.99, ""pin_compromised"": ""no"", ""police_report_filed"": false, ""provisional_credit_eligible"": true, ""transaction_date"": ""11/09/2025"", ""transaction_id"": ""btxn_28eee7145c29"", ""transaction_type"": ""signature_purchase"", ""user_id"": ""cec8333d41"", ""written_statement_provided"": true}",True,,
task_088:088_11,task_088,088_11,close_debit_card_4721,unlock_discoverable_agent_tool,"{""agent_tool_name"": ""close_debit_card_4721""}",False,,
task_088:088_12,task_088,088_12,close_debit_card_4721,call_discoverable_agent_tool,"{""card_id"": ""dbc_c8feebe975cf"", ""reason"": ""fraud_suspected""}",False,,
task_088:088_13,task_088,088_13,order_debit_card_5739,unlock_discoverable_agent_tool,"{""agent_tool_name"": ""order_debit_card_5739""}",False,,
task_088:088_14,task_088,088_14,order_debit_card_5739,call_discoverable_agent_tool,"{""account_id"": ""chk_cec8333d41_evergreen"", ""card_design"": ""CLASSIC"", ""delivery_fee"": 0, ""delivery_option"": ""STANDARD"", ""design_fee"": 0, ""shipping_address"": ""1847 Hawthorne Boulevard, Apt 3C, Portland, OR 97214"", ""user_id"": ""cec8333d41""}",False,,
task_088:088_15,task_088,088_15,get_debit_cards_by_account_id_7823,call_discoverable_agent_tool,"{""account_id"": ""chk_cec8333d41_blue""}",False,,
task_088:088_16,task_088,088_16,transfer_to_human_agents,transfer_to_human_agents,"{""reason"": ""fraud_or_security_concern"", ""summary"": """"}",False,,
task_089:089_0,task_089,089_0,log_verification,log_verification,"{""address"": ""4521 Mountain View Drive, Denver, CO 80203"", ""date_of_birth"": ""06/18/1983"", ""email"": ""david.martinez.cpa@gmail.com"", ""name"": ""David Martinez"", ""phone_number"": ""303-555-7294"", ""time_verified"": ""2025-11-14 03:40:00 EST"", ""user_id"": ""dm42f8c3a7""}",False,,
task_089:089_1,task_089,089_1,get_all_user_accounts_by_user_id_3847,unlock_discoverable_agent_tool,"{""agent_tool_name"": ""get_all_user_accounts_by_user_id_3847""}",False,,
task_089:089_2,task_089,089_2,get_all_user_accounts_by_user_id_3847,call_discoverable_agent_tool,"{""user_id"": ""dm42f8c3a7""}",False,,
task_089:089_3,task_089,089_3,get_debit_cards_by_account_id_7823,unlock_discoverable_agent_tool,"{""agent_tool_name"": ""get_debit_cards_by_account_id_7823""}",False,,
task_089:089_4,task_089,089_4,get_debit_cards_by_account_id_7823,call_discoverable_agent_tool,"{""account_id"": ""chk_dm42f8c3a7_green""}",False,,
task_089:089_5,task_089,089_5,get_bank_account_transactions_9173,unlock_discoverable_agent_tool,"{""agent_tool_name"": ""get_bank_account_transactions_9173""}",False,,
task_089:089_6,task_089,089_6,get_bank_account_transactions_9173,call_discoverable_agent_tool,"{""account_id"": ""chk_dm42f8c3a7_green""}",False,,
task_089:089_7,task_089,089_7,request_temporary_debit_card_limit_increase_8374,unlock_discoverable_agent_tool,"{""agent_tool_name"": ""request_temporary_debit_card_limit_increase_8374""}",False,,
task_089:089_8,task_089,089_8,request_temporary_debit_card_limit_increase_8374,call_discoverable_agent_tool,"{""card_id"": ""dbc_2f8a7c3d1e9b"", ""limit_type"": ""atm"", ""new_limit"": 900}",False,,
task_089:089_9,task_089,089_9,get_debit_cards_by_account_id_7823,call_discoverable_agent_tool,"{""account_id"": ""chk_dm42f8c3a7_blue""}",False,,
task_089:089_10,task_089,089_10,get_bank_account_transactions_9173,call_discoverable_agent_tool,"{""account_id"": ""chk_dm42f8c3a7_blue""}",False,,
task_089:089_11,task_089,089_11,get_debit_cards_by_account_id_7823,call_discoverable_agent_tool,"{""account_id"": ""chk_sm16d4e9b2_lightgreen""}",False,,
task_089:089_12,task_089,089_12,get_bank_account_transactions_9173,call_discoverable_agent_tool,"{""account_id"": ""chk_sm16d4e9b2_lightgreen""}",False,,
task_090:090_0,task_090,090_0,log_verification,log_verification,"{""address"": ""1847 Beacon Street, Apt 4B, Boston, MA 02108"", ""date_of_birth"": ""04/15/1987"", ""email"": ""elena.rodriguez@marketingpro.com"", ""name"": ""Elena Rodriguez"", ""phone_number"": ""617-555-3847"", ""time_verified"": ""2025-11-14 03:40:00 EST"", ""user_id"": ""er38a7c9d2""}",False,,
task_090:090_1,task_090,090_1,get_all_user_accounts_by_user_id_3847,unlock_discoverable_agent_tool,"{""agent_tool_name"": ""get_all_user_accounts_by_user_id_3847""}",False,,
task_090:090_2,task_090,090_2,get_all_user_accounts_by_user_id_3847,call_discoverable_agent_tool,"{""user_id"": ""er38a7c9d2""}",False,,
task_090:090_3,task_090,090_3,get_debit_cards_by_account_id_7823,unlock_discoverable_agent_tool,"{""agent_tool_name"": ""get_debit_cards_by_account_id_7823""}",False,,
task_090:090_4,task_090,090_4,get_debit_cards_by_account_id_7823,call_discoverable_agent_tool,"{""account_id"": ""chk_er38a7c9d2_evergreen""}",False,,
task_090:090_5,task_090,090_5,get_bank_account_transactions_9173,unlock_discoverable_agent_tool,"{""agent_tool_name"": ""get_bank_account_transactions_9173""}",False,,
task_090:090_6,task_090,090_6,get_bank_account_transactions_9173,call_discoverable_agent_tool,"{""account_id"": ""chk_er38a7c9d2_evergreen""}",False,,
task_090:090_7,task_090,090_7,close_debit_card_4721,unlock_discoverable_agent_tool,"{""agent_tool_name"": ""close_debit_card_4721""}",False,,
task_090:090_8,task_090,090_8,close_debit_card_4721,call_discoverable_agent_tool,"{""card_id"": ""dbc_er38a7c9d2_evergreen"", ""reason"": ""fraud_suspected""}",False,,
task_090:090_9,task_090,090_9,order_debit_card_5739,unlock_discoverable_agent_tool,"{""agent_tool_name"": ""order_debit_card_5739""}",False,,
task_090:090_10,task_090,090_10,order_debit_card_5739,call_discoverable_agent_tool,"{""account_id"": ""chk_er38a7c9d2_evergreen"", ""card_design"": ""CLASSIC"", ""delivery_fee"": 0, ""delivery_option"": ""EXPEDITED"", ""design_fee"": 0, ""shipping_address"": ""1847 Beacon Street, Apt 4B, Boston, MA 02108"", ""user_id"": ""er38a7c9d2""}",False,,
task_090:090_11,task_090,090_11,get_debit_cards_by_account_id_7823,call_discoverable_agent_tool,"{""account_id"": ""chk_er38a7c9d2_blue""}",False,,
task_090:090_12,task_090,090_12,get_bank_account_transactions_9173,call_discoverable_agent_tool,"{""account_id"": ""chk_er38a7c9d2_blue""}",False,,
task_090:090_13,task_090,090_13,reset_debit_card_pin_6284,unlock_discoverable_agent_tool,"{""agent_tool_name"": ""reset_debit_card_pin_6284""}",False,,
task_090:090_14,task_090,090_14,reset_debit_card_pin_6284,call_discoverable_agent_tool,"{""card_id"": ""dbc_er38a7c9d2_blue"", ""last_4_digits"": ""6183"", ""new_pin"": ""7294""}",False,,
task_090:090_15,task_090,090_15,get_debit_cards_by_account_id_7823,call_discoverable_agent_tool,"{""account_id"": ""chk_er38a7c9d2_green""}",False,,
task_091:091_0,task_091,091_0,log_verification,log_verification,"{""address"": ""2847 Pine Street, Unit 12C, Seattle, WA 98101"", ""date_of_birth"": ""09/22/2001"", ""email"": ""tyler.washington.dev@gmail.com"", ""name"": ""Tyler Washington"", ""phone_number"": ""206-555-8142"", ""time_verified"": ""2025-11-14 03:40:00 EST"", ""user_id"": ""tw34a7d9e2""}",False,,
task_091:091_1,task_091,091_1,get_all_user_accounts_by_user_id_3847,unlock_discoverable_agent_tool,"{""agent_tool_name"": ""get_all_user_accounts_by_user_id_3847""}",False,,
task_091:091_2,task_091,091_2,get_all_user_accounts_by_user_id_3847,call_discoverable_agent_tool,"{""user_id"": ""tw34a7d9e2""}",False,,
task_091:091_3,task_091,091_3,get_debit_cards_by_account_id_7823,unlock_discoverable_agent_tool,"{""agent_tool_name"": ""get_debit_cards_by_account_id_7823""}",False,,
task_091:091_4,task_091,091_4,get_debit_cards_by_account_id_7823,call_discoverable_agent_tool,"{""account_id"": ""chk_tw34a7d9e2_green""}",False,,
task_091:091_5,task_091,091_5,get_bank_account_transactions_9173,unlock_discoverable_agent_tool,"{""agent_tool_name"": ""get_bank_account_transactions_9173""}",False,,
task_091:091_6,task_091,091_6,get_bank_account_transactions_9173,call_discoverable_agent_tool,"{""account_id"": ""chk_tw34a7d9e2_green""}",False,,
task_091:091_7,task_091,091_7,reset_debit_card_pin_6284,unlock_discoverable_agent_tool,"{""agent_tool_name"": ""reset_debit_card_pin_6284""}",False,,
task_091:091_8,task_091,091_8,reset_debit_card_pin_6284,call_discoverable_agent_tool,"{""card_id"": ""dbc_tw34a7d9e2_green"", ""last_4_digits"": ""4829"", ""new_pin"": ""2589""}",False,,
task_091:091_9,task_091,091_9,get_debit_cards_by_account_id_7823,call_discoverable_agent_tool,"{""account_id"": ""chk_tw34a7d9e2_evergreen""}",False,,
task_091:091_10,task_091,091_10,get_bank_account_transactions_9173,call_discoverable_agent_tool,"{""account_id"": ""chk_tw34a7d9e2_evergreen""}",False,,
task_091:091_11,task_091,091_11,close_debit_card_4721,unlock_discoverable_agent_tool,"{""agent_tool_name"": ""close_debit_card_4721""}",False,,
task_091:091_12,task_091,091_12,close_debit_card_4721,call_discoverable_agent_tool,"{""card_id"": ""dbc_tw34a7d9e2_evergreen"", ""reason"": ""fraud_suspected""}",False,,
task_091:091_13,task_091,091_13,order_debit_card_5739,unlock_discoverable_agent_tool,"{""agent_tool_name"": ""order_debit_card_5739""}",False,,
task_091:091_14,task_091,091_14,order_debit_card_5739,call_discoverable_agent_tool,"{""account_id"": ""chk_tw34a7d9e2_evergreen"", ""card_design"": ""CLASSIC"", ""delivery_fee"": 0, ""delivery_option"": ""STANDARD"", ""design_fee"": 0, ""shipping_address"": ""2847 Pine Street, Unit 12C, Seattle, WA 98101"", ""user_id"": ""tw34a7d9e2""}",False,,
task_091:091_15,task_091,091_15,file_debit_card_transaction_dispute_6281,unlock_discoverable_agent_tool,"{""agent_tool_name"": ""file_debit_card_transaction_dispute_6281""}",True,,
task_091:091_16,task_091,091_16,file_debit_card_transaction_dispute_6281,call_discoverable_agent_tool,"{""account_id"": ""chk_tw34a7d9e2_evergreen"", ""card_action"": ""close_and_reissue"", ""card_id"": ""dbc_tw34a7d9e2_evergreen"", ""card_in_possession"": true, ""contacted_merchant"": false, ""customer_max_liability_amount"": 50, ""discovery_date"": ""11/14/2025"", ""dispute_category"": ""card_present_fraud"", ""disputed_amount"": 400.0, ""pin_compromised"": ""yes_observed"", ""police_report_filed"": false, ""provisional_credit_eligible"": true, ""transaction_date"": ""11/14/2025"", ""transaction_id"": ""btxn_92867e549ff2"", ""transaction_type"": ""atm_withdrawal"", ""user_id"": ""tw34a7d9e2"", ""written_statement_provided"": true}",True,,
task_091:091_17,task_091,091_17,file_debit_card_transaction_dispute_6281,call_discoverable_agent_tool,"{""account_id"": ""chk_tw34a7d9e2_evergreen"", ""card_action"": ""close_and_reissue"", ""card_id"": ""dbc_tw34a7d9e2_evergreen"", ""card_in_possession"": true, ""contacted_merchant"": false, ""customer_max_liability_amount"": 50, ""discovery_date"": ""11/14/2025"", ""dispute_category"": ""card_present_fraud"", ""disputed_amount"": 300.0, ""pin_compromised"": ""yes_observed"", ""police_report_filed"": false, ""provisional_credit_eligible"": true, ""transaction_date"": ""11/14/2025"", ""transaction_id"": ""btxn_e5341d2942ef"", ""transaction_type"": ""atm_withdrawal"", ""user_id"": ""tw34a7d9e2"", ""written_statement_provided"": true}",True,,
task_091:091_18,task_091,091_18,get_debit_cards_by_account_id_7823,call_discoverable_agent_tool,"{""account_id"": ""chk_tw34a7d9e2_blue""}",False,,
task_091:091_19,task_091,091_19,get_bank_account_transactions_9173,call_discoverable_agent_tool,"{""account_id"": ""chk_tw34a7d9e2_blue""}",False,,
task_091:091_20,task_091,091_20,reset_debit_card_pin_6284,call_discoverable_agent_tool,"{""card_id"": ""dbc_tw34a7d9e2_blue"", ""last_4_digits"": ""2938"", ""new_pin"": ""5739""}",False,,
task_091:091_21,task_091,091_21,get_debit_cards_by_account_id_7823,call_discoverable_agent_tool,"{""account_id"": ""chk_tw34a7d9e2_lightblue""}",False,,
task_091:091_22,task_091,091_22,get_bank_account_transactions_9173,call_discoverable_agent_tool,"{""account_id"": ""chk_tw34a7d9e2_lightblue""}",False,,
task_091:091_23,task_091,091_23,close_debit_card_4721,call_discoverable_agent_tool,"{""card_id"": ""dbc_tw34a7d9e2_lightblue"", ""reason"": ""fraud_suspected""}",False,,
task_091:091_24,task_091,091_24,order_debit_card_5739,call_discoverable_agent_tool,"{""account_id"": ""chk_tw34a7d9e2_lightblue"", ""card_design"": ""CLASSIC"", ""delivery_fee"": 0, ""delivery_option"": ""STANDARD"", ""design_fee"": 0, ""shipping_address"": ""2847 Pine Street, Unit 12C, Seattle, WA 98101"", ""user_id"": ""tw34a7d9e2""}",False,,
task_092:092_0,task_092,092_0,log_verification,log_verification,"{""address"": ""4521 Colfax Avenue, Unit 8D, Denver, CO 80220"", ""date_of_birth"": ""06/18/1983"", ""email"": ""rachel.winters.realestate@gmail.com"", ""name"": ""Rachel Winters"", ""phone_number"": ""303-555-7291"", ""time_verified"": ""2025-11-14 03:40:00 EST"", ""user_id"": ""rw42b8d3e1""}",False,,
task_092:092_1,task_092,092_1,get_all_user_accounts_by_user_id_3847,unlock_discoverable_agent_tool,"{""agent_tool_name"": ""get_all_user_accounts_by_user_id_3847""}",False,,
task_092:092_2,task_092,092_2,get_all_user_accounts_by_user_id_3847,call_discoverable_agent_tool,"{""user_id"": ""rw42b8d3e1""}",False,,
task_092:092_3,task_092,092_3,get_debit_cards_by_account_id_7823,unlock_discoverable_agent_tool,"{""agent_tool_name"": ""get_debit_cards_by_account_id_7823""}",False,,
task_092:092_4,task_092,092_4,get_debit_cards_by_account_id_7823,call_discoverable_agent_tool,"{""account_id"": ""chk_rw42b8d3e1_blue""}",False,,
task_092:092_5,task_092,092_5,get_bank_account_transactions_9173,unlock_discoverable_agent_tool,"{""agent_tool_name"": ""get_bank_account_transactions_9173""}",False,,
task_092:092_6,task_092,092_6,get_bank_account_transactions_9173,call_discoverable_agent_tool,"{""account_id"": ""chk_rw42b8d3e1_blue""}",False,,
task_092:092_7,task_092,092_7,close_debit_card_4721,unlock_discoverable_agent_tool,"{""agent_tool_name"": ""close_debit_card_4721""}",False,,
task_092:092_8,task_092,092_8,close_debit_card_4721,call_discoverable_agent_tool,"{""card_id"": ""dbc_rw42b8d3e1_blue"", ""reason"": ""fraud_suspected""}",False,,
task_092:092_9,task_092,092_9,order_debit_card_5739,unlock_discoverable_agent_tool,"{""agent_tool_name"": ""order_debit_card_5739""}",False,,
task_092:092_10,task_092,092_10,order_debit_card_5739,call_discoverable_agent_tool,"{""account_id"": ""chk_rw42b8d3e1_blue"", ""card_design"": ""CLASSIC"", ""delivery_fee"": 0, ""delivery_option"": ""STANDARD"", ""design_fee"": 0, ""shipping_address"": ""4521 Colfax Avenue, Unit 8D, Denver, CO 80220"", ""user_id"": ""rw42b8d3e1""}",False,,
task_092:092_11,task_092,092_11,get_debit_cards_by_account_id_7823,call_discoverable_agent_tool,"{""account_id"": ""chk_rw42b8d3e1_green""}",False,,
task_092:092_12,task_092,092_12,get_bank_account_transactions_9173,call_discoverable_agent_tool,"{""account_id"": ""chk_rw42b8d3e1_green""}",False,,
task_092:092_13,task_092,092_13,close_debit_card_4721,call_discoverable_agent_tool,"{""card_id"": ""dbc_rw42b8d3e1_green"", ""reason"": ""fraud_suspected""}",False,,
task_092:092_14,task_092,092_14,order_debit_card_5739,call_discoverable_agent_tool,"{""account_id"": ""chk_rw42b8d3e1_green"", ""card_design"": ""CLASSIC"", ""delivery_fee"": 0, ""delivery_option"": ""STANDARD"", ""design_fee"": 0, ""shipping_address"": ""4521 Colfax Avenue, Unit 8D, Denver, CO 80220"", ""user_id"": ""rw42b8d3e1""}",False,,
task_092:092_15,task_092,092_15,get_debit_cards_by_account_id_7823,call_discoverable_agent_tool,"{""account_id"": ""chk_rw42b8d3e1_evergreen""}",False,,
task_092:092_16,task_092,092_16,get_bank_account_transactions_9173,call_discoverable_agent_tool,"{""account_id"": ""chk_rw42b8d3e1_evergreen""}",False,,
task_092:092_17,task_092,092_17,reset_debit_card_pin_6284,unlock_discoverable_agent_tool,"{""agent_tool_name"": ""reset_debit_card_pin_6284""}",False,,
task_092:092_18,task_092,092_18,reset_debit_card_pin_6284,call_discoverable_agent_tool,"{""card_id"": ""dbc_rw42b8d3e1_evergreen"", ""last_4_digits"": ""7263"", ""new_pin"": ""8127""}",False,,
task_092:092_19,task_092,092_19,get_debit_cards_by_account_id_7823,call_discoverable_agent_tool,"{""account_id"": ""chk_rw42b8d3e1_lightblue""}",False,,
task_092:092_20,task_092,092_20,transfer_to_human_agents,transfer_to_human_agents,"{""reason"": ""fraud_or_security_concern"", ""summary"": ""Customer Rachel Winters has a Light Blue Account debit card (ending 4518) with a security hold that cannot be unlocked by chat agents. Customer requests assistance from security team to resolve the hold.""}",False,,
task_093:093_0,task_093,093_0,log_verification,log_verification,"{""address"": ""1847 Sunset Boulevard, Apt 12B, Los Angeles, CA 90028"", ""date_of_birth"": ""08/14/1989"", ""email"": ""somchai.prasert@gmail.com"", ""name"": ""Somchai Prasert"", ""phone_number"": ""323-555-0847"", ""time_verified"": ""2025-11-14 03:40:00 EST"", ""user_id"": ""sp93k4m7n2""}",False,,
task_093:093_1,task_093,093_1,get_all_user_accounts_by_user_id_3847,unlock_discoverable_agent_tool,"{""agent_tool_name"": ""get_all_user_accounts_by_user_id_3847""}",False,,
task_093:093_2,task_093,093_2,get_all_user_accounts_by_user_id_3847,call_discoverable_agent_tool,"{""user_id"": ""sp93k4m7n2""}",False,,
task_093:093_3,task_093,093_3,get_bank_account_transactions_9173,unlock_discoverable_agent_tool,"{""agent_tool_name"": ""get_bank_account_transactions_9173""}",False,,
task_093:093_4,task_093,093_4,get_bank_account_transactions_9173,call_discoverable_agent_tool,"{""account_id"": ""sav_sp93k4m7n2_silver""}",False,,
task_093:093_5,task_093,093_5,apply_savings_account_credit_6831,unlock_discoverable_agent_tool,"{""agent_tool_name"": ""apply_savings_account_credit_6831""}",False,,
task_093:093_6,task_093,093_6,apply_savings_account_credit_6831,call_discoverable_agent_tool,"{""account_id"": ""sav_sp93k4m7n2_silver"", ""amount"": 33.0, ""credit_type"": ""interest_correction""}",False,,
task_093:093_7,task_093,093_7,submit_interest_discrepancy_report_7294,unlock_discoverable_agent_tool,"{""agent_tool_name"": ""submit_interest_discrepancy_report_7294""}",False,,
task_093:093_8,task_093,093_8,submit_interest_discrepancy_report_7294,call_discoverable_agent_tool,"{""account_id"": ""sav_sp93k4m7n2_silver"", ""actual_apy"": 4.0, ""amount_difference"": 33.0, ""expected_apy"": 4.275, ""user_id"": ""sp93k4m7n2""}",False,,
task_094:094_0,task_094,094_0,log_verification,log_verification,"{""address"": ""1628 Pacific Heights Blvd, Apt 8A, San Francisco, CA 94115"", ""date_of_birth"": ""03/22/1987"", ""email"": ""weiting.lin@gmail.com"", ""name"": ""Wei-Ting Lin"", ""phone_number"": ""415-555-0863"", ""time_verified"": ""2025-11-14 03:40:00 EST"", ""user_id"": ""wl94k7m3p8""}",False,,
task_094:094_1,task_094,094_1,get_all_user_accounts_by_user_id_3847,unlock_discoverable_agent_tool,"{""agent_tool_name"": ""get_all_user_accounts_by_user_id_3847""}",False,,
task_094:094_2,task_094,094_2,get_all_user_accounts_by_user_id_3847,call_discoverable_agent_tool,"{""user_id"": ""wl94k7m3p8""}",False,,
task_094:094_3,task_094,094_3,get_bank_account_transactions_9173,unlock_discoverable_agent_tool,"{""agent_tool_name"": ""get_bank_account_transactions_9173""}",False,,
task_094:094_4,task_094,094_4,get_bank_account_transactions_9173,call_discoverable_agent_tool,"{""account_id"": ""sav_wl94k7m3p8_gold""}",False,,
task_094:094_5,task_094,094_5,apply_savings_account_credit_6831,unlock_discoverable_agent_tool,"{""agent_tool_name"": ""apply_savings_account_credit_6831""}",False,,
task_094:094_6,task_094,094_6,apply_savings_account_credit_6831,call_discoverable_agent_tool,"{""account_id"": ""sav_wl94k7m3p8_gold"", ""amount"": 140.0, ""credit_type"": ""interest_correction""}",False,,
task_094:094_7,task_094,094_7,submit_interest_discrepancy_report_7294,unlock_discoverable_agent_tool,"{""agent_tool_name"": ""submit_interest_discrepancy_report_7294""}",False,,
task_094:094_8,task_094,094_8,submit_interest_discrepancy_report_7294,call_discoverable_agent_tool,"{""account_id"": ""sav_wl94k7m3p8_gold"", ""actual_apy"": 5.1, ""amount_difference"": 140.0, ""expected_apy"": 6.85, ""user_id"": ""wl94k7m3p8""}",False,,
task_095:095_0,task_095,095_0,log_verification,log_verification,"{""address"": ""47 Bondi Road, Unit 12B, Bondi Beach, NSW 2026"", ""date_of_birth"": ""08/14/1983"", ""email"": ""lachlan.murray@gmail.com"", ""name"": ""Lachlan Murray"", ""phone_number"": ""0412-555-947"", ""time_verified"": ""2025-11-14 03:40:00 EST"", ""user_id"": ""lm83h7k2p5""}",False,,
task_095:095_1,task_095,095_1,get_all_user_accounts_by_user_id_3847,unlock_discoverable_agent_tool,"{""agent_tool_name"": ""get_all_user_accounts_by_user_id_3847""}",False,,
task_095:095_2,task_095,095_2,get_all_user_accounts_by_user_id_3847,call_discoverable_agent_tool,"{""user_id"": ""lm83h7k2p5""}",False,,
task_095:095_3,task_095,095_3,get_bank_account_transactions_9173,unlock_discoverable_agent_tool,"{""agent_tool_name"": ""get_bank_account_transactions_9173""}",False,,
task_095:095_4,task_095,095_4,get_bank_account_transactions_9173,call_discoverable_agent_tool,"{""account_id"": ""sav_lm83h7k2p5_gold""}",False,,
task_095:095_5,task_095,095_5,apply_savings_account_credit_6831,unlock_discoverable_agent_tool,"{""agent_tool_name"": ""apply_savings_account_credit_6831""}",False,,
task_095:095_6,task_095,095_6,apply_savings_account_credit_6831,call_discoverable_agent_tool,"{""account_id"": ""sav_lm83h7k2p5_gold"", ""amount"": 98.0, ""credit_type"": ""interest_correction""}",False,,
task_095:095_7,task_095,095_7,submit_interest_discrepancy_report_7294,unlock_discoverable_agent_tool,"{""agent_tool_name"": ""submit_interest_discrepancy_report_7294""}",False,,
task_095:095_8,task_095,095_8,submit_interest_discrepancy_report_7294,call_discoverable_agent_tool,"{""account_id"": ""sav_lm83h7k2p5_gold"", ""actual_apy"": 5.625, ""amount_difference"": 98.0, ""expected_apy"": 6.85, ""user_id"": ""lm83h7k2p5""}",False,,
task_096:096_0,task_096,096_0,log_verification,log_verification,"{""address"": ""1847 Pacific Heights Boulevard, Apt 14C, San Francisco, CA 94115"", ""date_of_birth"": ""03/22/1973"", ""email"": ""naomi.ishikawa@outlook.com"", ""name"": ""Naomi Ishikawa"", ""phone_number"": ""415-555-8293"", ""time_verified"": ""2025-11-14 03:40:00 EST"", ""user_id"": ""ni73k9m4p2""}",False,,
task_096:096_1,task_096,096_1,get_all_user_accounts_by_user_id_3847,unlock_discoverable_agent_tool,"{""agent_tool_name"": ""get_all_user_accounts_by_user_id_3847""}",False,,
task_096:096_2,task_096,096_2,get_all_user_accounts_by_user_id_3847,call_discoverable_agent_tool,"{""user_id"": ""ni73k9m4p2""}",False,,
task_096:096_3,task_096,096_3,get_bank_account_transactions_9173,unlock_discoverable_agent_tool,"{""agent_tool_name"": ""get_bank_account_transactions_9173""}",False,,
task_096:096_4,task_096,096_4,get_bank_account_transactions_9173,call_discoverable_agent_tool,"{""account_id"": ""sav_ni73k9m4p2_bronze""}",False,,
task_096:096_5,task_096,096_5,get_bank_account_transactions_9173,call_discoverable_agent_tool,"{""account_id"": ""sav_ni73k9m4p2_goldplus""}",False,,
task_096:096_6,task_096,096_6,apply_savings_account_credit_6831,unlock_discoverable_agent_tool,"{""agent_tool_name"": ""apply_savings_account_credit_6831""}",False,,
task_096:096_7,task_096,096_7,apply_savings_account_credit_6831,call_discoverable_agent_tool,"{""account_id"": ""sav_ni73k9m4p2_bronze"", ""amount"": 17.5, ""credit_type"": ""interest_correction""}",False,,
task_096:096_8,task_096,096_8,apply_savings_account_credit_6831,call_discoverable_agent_tool,"{""account_id"": ""sav_ni73k9m4p2_goldplus"", ""amount"": 15.0, ""credit_type"": ""interest_correction""}",False,,
task_096:096_9,task_096,096_9,submit_interest_discrepancy_report_7294,unlock_discoverable_agent_tool,"{""agent_tool_name"": ""submit_interest_discrepancy_report_7294""}",False,,
task_096:096_10,task_096,096_10,submit_interest_discrepancy_report_7294,call_discoverable_agent_tool,"{""account_id"": ""sav_ni73k9m4p2_bronze"", ""actual_apy"": 2.55, ""amount_difference"": 17.5, ""expected_apy"": 3.25, ""user_id"": ""ni73k9m4p2""}",False,,
task_096:096_11,task_096,096_11,submit_interest_discrepancy_report_7294,call_discoverable_agent_tool,"{""account_id"": ""sav_ni73k9m4p2_goldplus"", ""actual_apy"": 6.55, ""amount_difference"": 15.0, ""expected_apy"": 6.85, ""user_id"": ""ni73k9m4p2""}",False,,
task_097:097_0,task_097,097_0,log_verification,log_verification,"{""address"": ""2934 Queen Anne Avenue North, Unit 8B, Seattle, WA 98109"", ""date_of_birth"": ""07/18/1980"", ""email"": ""marcus.chenwilliams@gmail.com"", ""name"": ""Marcus Chen-Williams"", ""phone_number"": ""206-555-4729"", ""time_verified"": ""2025-11-14 03:40:00 EST"", ""user_id"": ""mc80w7k3x9""}",False,,
task_097:097_1,task_097,097_1,get_all_user_accounts_by_user_id_3847,unlock_discoverable_agent_tool,"{""agent_tool_name"": ""get_all_user_accounts_by_user_id_3847""}",False,,
task_097:097_2,task_097,097_2,get_all_user_accounts_by_user_id_3847,call_discoverable_agent_tool,"{""user_id"": ""mc80w7k3x9""}",False,,
task_097:097_3,task_097,097_3,get_bank_account_transactions_9173,unlock_discoverable_agent_tool,"{""agent_tool_name"": ""get_bank_account_transactions_9173""}",False,,
task_097:097_4,task_097,097_4,get_bank_account_transactions_9173,call_discoverable_agent_tool,"{""account_id"": ""sav_mc80w7k3x9_silver""}",False,,
task_097:097_5,task_097,097_5,get_bank_account_transactions_9173,call_discoverable_agent_tool,"{""account_id"": ""sav_mc80w7k3x9_platinum""}",False,,
task_097:097_6,task_097,097_6,get_bank_account_transactions_9173,call_discoverable_agent_tool,"{""account_id"": ""sav_mc80w7k3x9_diamond""}",False,,
task_097:097_7,task_097,097_7,get_bank_account_transactions_9173,call_discoverable_agent_tool,"{""account_id"": ""sav_mc80w7k3x9_silverplus""}",False,,
task_097:097_8,task_097,097_8,apply_savings_account_credit_6831,unlock_discoverable_agent_tool,"{""agent_tool_name"": ""apply_savings_account_credit_6831""}",False,,
task_097:097_9,task_097,097_9,apply_savings_account_credit_6831,call_discoverable_agent_tool,"{""account_id"": ""sav_mc80w7k3x9_silver"", ""amount"": 220.84, ""credit_type"": ""interest_correction""}",False,,
task_097:097_10,task_097,097_10,apply_savings_account_credit_6831,call_discoverable_agent_tool,"{""account_id"": ""sav_mc80w7k3x9_platinum"", ""amount"": 67.08, ""credit_type"": ""interest_correction""}",False,,
task_097:097_11,task_097,097_11,apply_savings_account_credit_6831,call_discoverable_agent_tool,"{""account_id"": ""sav_mc80w7k3x9_diamond"", ""amount"": 70.0, ""credit_type"": ""interest_correction""}",False,,
task_097:097_12,task_097,097_12,apply_savings_account_credit_6831,call_discoverable_agent_tool,"{""account_id"": ""sav_mc80w7k3x9_silverplus"", ""amount"": 12.0, ""credit_type"": ""interest_correction""}",False,,
task_097:097_13,task_097,097_13,submit_interest_discrepancy_report_7294,unlock_discoverable_agent_tool,"{""agent_tool_name"": ""submit_interest_discrepancy_report_7294""}",False,,
task_097:097_14,task_097,097_14,submit_interest_discrepancy_report_7294,call_discoverable_agent_tool,"{""account_id"": ""sav_mc80w7k3x9_silver"", ""actual_apy"": 4.0, ""amount_difference"": 220.84, ""expected_apy"": 6.65, ""user_id"": ""mc80w7k3x9""}",False,,
task_097:097_15,task_097,097_15,submit_interest_discrepancy_report_7294,call_discoverable_agent_tool,"{""account_id"": ""sav_mc80w7k3x9_platinum"", ""actual_apy"": 6.5, ""amount_difference"": 67.08, ""expected_apy"": 7.65, ""user_id"": ""mc80w7k3x9""}",False,,
task_097:097_16,task_097,097_16,submit_interest_discrepancy_report_7294,call_discoverable_agent_tool,"{""account_id"": ""sav_mc80w7k3x9_diamond"", ""actual_apy"": 7.5, ""amount_difference"": 70.0, ""expected_apy"": 8.2, ""user_id"": ""mc80w7k3x9""}",False,,
task_097:097_17,task_097,097_17,submit_interest_discrepancy_report_7294,call_discoverable_agent_tool,"{""account_id"": ""sav_mc80w7k3x9_silverplus"", ""actual_apy"": 4.5, ""amount_difference"": 12.0, ""expected_apy"": 5.3, ""user_id"": ""mc80w7k3x9""}",False,,
task_098:098_0,task_098,098_0,log_verification,log_verification,"{""address"": ""847 Oak Street, Apt 12, Portland, OR 97201"", ""date_of_birth"": ""03/22/1994"", ""email"": ""joonho.park@gmail.com"", ""name"": ""Park Joon-ho"", ""phone_number"": ""503-555-8847"", ""time_verified"": ""2025-11-14 03:40:00 EST"", ""user_id"": ""pj94k7x3m2""}",False,,
task_098:098_1,task_098,098_1,get_referrals_by_user,get_referrals_by_user,"{""user_id"": ""pj94k7x3m2""}",False,,
task_098:098_2,task_098,098_2,submit_referral,submit_referral,"{""account_type"": ""Blue Account"", ""user_id"": ""pj94k7x3m2""}",False,,
task_099:099_0,task_099,099_0,log_verification,log_verification,"{""address"": ""1842 Lombard Street, Apt 5B, San Francisco, CA 94123"", ""date_of_birth"": ""07/15/1983"", ""email"": ""kenji.yamamoto@consultpro.com"", ""name"": ""Kenji Yamamoto"", ""phone_number"": ""415-555-7723"", ""time_verified"": ""2025-11-14 03:40:00 EST"", ""user_id"": ""ky83m9p2t6""}",False,,
task_099:099_1,task_099,099_1,get_all_user_accounts_by_user_id_3847,unlock_discoverable_agent_tool,"{""agent_tool_name"": ""get_all_user_accounts_by_user_id_3847""}",False,,
task_099:099_2,task_099,099_2,get_all_user_accounts_by_user_id_3847,call_discoverable_agent_tool,"{""user_id"": ""ky83m9p2t6""}",False,,
task_099:099_3,task_099,099_3,get_referrals_by_user,get_referrals_by_user,"{""user_id"": ""ky83m9p2t6""}",False,,
task_099:099_4,task_099,099_4,submit_referral,submit_referral,"{""account_type"": ""World Blue Account"", ""user_id"": ""ky83m9p2t6""}",False,,
task_100:100_0,task_100,100_0,log_verification,log_verification,"{""address"": ""2847 Aurora Avenue North, Apt 12C, Seattle, WA 98103"", ""date_of_birth"": ""04/22/1987"", ""email"": ""tomoko.ishikawa@seattletechconsult.com"", ""name"": ""Tomoko Ishikawa"", ""phone_number"": ""206-555-3891"", ""time_verified"": ""2025-11-14 03:40:00 EST"", ""user_id"": ""ti87k4x9m2""}",False,,
task_100:100_1,task_100,100_1,get_all_user_accounts_by_user_id_3847,unlock_discoverable_agent_tool,"{""agent_tool_name"": ""get_all_user_accounts_by_user_id_3847""}",False,,
task_100:100_2,task_100,100_2,get_all_user_accounts_by_user_id_3847,call_discoverable_agent_tool,"{""user_id"": ""ti87k4x9m2""}",False,,
task_100:100_3,task_100,100_3,submit_referral,submit_referral,"{""account_type"": ""Hunter Green Account"", ""user_id"": ""ti87k4x9m2""}",False,,
task_101:101_0,task_101,101_0,log_verification,log_verification,"{""address"": ""2847 Mapleton Avenue, Boulder, CO 80304"", ""date_of_birth"": ""06/18/1980"", ""email"": ""nalini.k@bouldercap.vc"", ""name"": ""Nalini Krishnamurthy"", ""phone_number"": ""303-555-4721"", ""time_verified"": ""2025-11-14 03:40:00 EST"", ""user_id"": ""nk80d5r2j7""}",False,,
task_101:101_1,task_101,101_1,get_referrals_by_user,get_referrals_by_user,"{""user_id"": ""nk80d5r2j7""}",False,,
task_101:101_2,task_101,101_2,submit_referral,submit_referral,"{""account_type"": ""Purple Account"", ""user_id"": ""nk80d5r2j7""}",False,,
task_101:101_3,task_101,101_3,submit_referral,submit_referral,"{""account_type"": ""Sky Blue Account"", ""user_id"": ""nk80d5r2j7""}",False,,
task_102:102_0,task_102,102_0,log_verification,log_verification,"{""address"": ""2847 Mapleton Avenue, Boulder, CO 80304"", ""date_of_birth"": ""06/18/1980"", ""email"": ""nalini.k@bouldercap.vc"", ""name"": ""Nalini Krishnamurthy"", ""phone_number"": ""303-555-4721"", ""time_verified"": ""2025-11-14 03:40:00 EST"", ""user_id"": ""nk80d5r2j7""}",False,,
task_102:102_1,task_102,102_1,get_referrals_by_user,get_referrals_by_user,"{""user_id"": ""nk80d5r2j7""}",False,,
task_102:102_2,task_102,102_2,submit_referral,submit_referral,"{""account_type"": ""Sky Blue Account"", ""user_id"": ""nk80d5r2j7""}",False,,
